Trade number;Instrument;Account;Strategy;Market pos.;Qty;Entry price;Exit price;Entry time;Exit time;Entry name;Exit name;Profit;Cum. net profit;Commission;Clearing Fee;Exchange Fee;IP Fee;NFA Fee;MAE;MFE;ETD;Bars;
1;NQ 09-26;Backtest;PROD_Bot_NQ_MomentumApertura_30min_RTH;Long;1;7807,25;7824,00;12/2/2015 10:30:00;12/2/2015 16:00:00;MomLong;CierreContado;$329,24;$329,24;$5,76;$0,00;$0,00;$0,00;$0,00;$145,00;$340,00;$10,76;12;
2;NQ 09-26;Backtest;PROD_Bot_NQ_MomentumApertura_30min_RTH;Long;1;7888,50;7890,75;19/2/2015 11:00:00;19/2/2015 16:00:00;MomLong;CierreContado;$39,24;$368,48;$5,76;$0,00;$0,00;$0,00;$0,00;$130,00;$155,00;$115,76;11;
3;NQ 09-26;Backtest;PROD_Bot_NQ_MomentumApertura_30min_RTH;Long;1;7941,25;7935,00;20/3/2015 10:30:00;20/3/2015 15:30:00;MomLong;Trail stop;$-130,76;$237,72;$5,76;$0,00;$0,00;$0,00;$0,00;$125,00;$345,00;$475,76;11;
4;NQ 09-26;Backtest;PROD_Bot_NQ_MomentumApertura_30min_RTH;Long;1;7919,00;7910,00;13/4/2015 10:30:00;13/4/2015 11:30:00;MomLong;Trail stop;$-185,76;$51,96;$5,76;$0,00;$0,00;$0,00;$0,00;$180,00;$85,00;$270,76;3;
5;NQ 09-26;Backtest;PROD_Bot_NQ_MomentumApertura_30min_RTH;Long;1;8009,50;8016,50;24/4/2015 10:30:00;24/4/2015 16:01:00;MomLong;CierreContado;$134,24;$186,20;$5,76;$0,00;$0,00;$0,00;$0,00;$65,00;$260,00;$125,76;13;
6;NQ 09-26;Backtest;PROD_Bot_NQ_MomentumApertura_30min_RTH;Long;1;7942,00;7936,50;8/5/2015 11:00:00;8/5/2015 13:30:00;MomLong;KillSwitch;$-115,76;$70,44;$5,76;$0,00;$0,00;$0,00;$0,00;$125,00;$140,00;$255,76;6;
7;NQ 09-26;Backtest;PROD_Bot_NQ_MomentumApertura_30min_RTH;Long;1;7957,00;7976,00;14/5/2015 11:00:00;14/5/2015 16:00:00;MomLong;CierreContado;$374,24;$444,68;$5,76;$0,00;$0,00;$0,00;$0,00;$65,00;$445,00;$70,76;11;
8;NQ 09-26;Backtest;PROD_Bot_NQ_MomentumApertura_30min_RTH;Long;1;7985,50;7995,25;18/5/2015 11:00:00;18/5/2015 16:00:00;MomLong;CierreContado;$189,24;$633,92;$5,76;$0,00;$0,00;$0,00;$0,00;$10,00;$370,00;$180,76;11;
9;NQ 09-26;Backtest;PROD_Bot_NQ_MomentumApertura_30min_RTH;Long;1;8019,50;8013,50;18/6/2015 11:00:00;18/6/2015 13:00:00;MomLong;KillSwitch;$-125,76;$508,16;$5,76;$0,00;$0,00;$0,00;$0,00;$175,00;$180,00;$305,76;5;
10;NQ 09-26;Backtest;PROD_Bot_NQ_MomentumApertura_30min_RTH;Long;1;7966,75;7980,25;13/7/2015 10:30:00;13/7/2015 16:00:00;MomLong;CierreContado;$264,24;$772,40;$5,76;$0,00;$0,00;$0,00;$0,00;$120,00;$370,00;$105,76;12;
11;NQ 09-26;Backtest;PROD_Bot_NQ_MomentumApertura_30min_RTH;Long;1;8059,25;8099,25;16/7/2015 10:30:00;16/7/2015 16:00:00;MomLong;CierreContado;$794,24;$1566,64;$5,76;$0,00;$0,00;$0,00;$0,00;$15,00;$800,00;$5,76;12;
12;NQ 09-26;Backtest;PROD_Bot_NQ_MomentumApertura_30min_RTH;Long;1;8126,50;8144,75;17/7/2015 10:30:00;17/7/2015 16:00:00;MomLong;CierreContado;$359,24;$1925,88;$5,76;$0,00;$0,00;$0,00;$0,00;$90,00;$410,00;$50,76;12;
13;NQ 09-26;Backtest;PROD_Bot_NQ_MomentumApertura_30min_RTH;Long;1;7838,75;7857,75;15/9/2015 11:00:00;15/9/2015 16:00:00;MomLong;CierreContado;$374,24;$2300,12;$5,76;$0,00;$0,00;$0,00;$0,00;$135,00;$575,00;$200,76;11;
14;NQ 09-26;Backtest;PROD_Bot_NQ_MomentumApertura_30min_RTH;Long;1;7799,50;7814,50;5/10/2015 10:30:00;5/10/2015 16:00:00;MomLong;CierreContado;$294,24;$2594,36;$5,76;$0,00;$0,00;$0,00;$0,00;$150,00;$675,00;$380,76;12;
15;NQ 09-26;Backtest;PROD_Bot_NQ_MomentumApertura_30min_RTH;Long;1;7870,00;7861,25;9/10/2015 10:30:00;9/10/2015 11:30:00;MomLong;KillSwitch;$-180,76;$2413,60;$5,76;$0,00;$0,00;$0,00;$0,00;$350,00;$55,00;$235,76;3;
16;NQ 09-26;Backtest;PROD_Bot_NQ_MomentumApertura_30min_RTH;Long;1;7890,75;7880,50;13/10/2015 10:30:00;13/10/2015 11:00:00;MomLong;KillSwitch;$-210,76;$2202,84;$5,76;$0,00;$0,00;$0,00;$0,00;$215,00;$70,00;$280,76;2;
17;NQ 09-26;Backtest;PROD_Bot_NQ_MomentumApertura_30min_RTH;Long;1;7944,75;7935,00;19/10/2015 10:30:00;19/10/2015 12:30:00;MomLong;Trail stop;$-200,76;$2002,08;$5,76;$0,00;$0,00;$0,00;$0,00;$195,00;$275,00;$475,76;5;
18;NQ 09-26;Backtest;PROD_Bot_NQ_MomentumApertura_30min_RTH;Long;1;8102,00;8114,00;23/10/2015 10:30:00;23/10/2015 16:00:00;MomLong;CierreContado;$234,24;$2236,32;$5,76;$0,00;$0,00;$0,00;$0,00;$195,00;$780,00;$545,76;12;
19;NQ 09-26;Backtest;PROD_Bot_NQ_MomentumApertura_30min_RTH;Long;1;8188,25;8182,00;20/11/2015 10:30:00;20/11/2015 12:30:00;MomLong;KillSwitch;$-130,76;$2105,56;$5,76;$0,00;$0,00;$0,00;$0,00;$135,00;$135,00;$265,76;5;
20;NQ 09-26;Backtest;PROD_Bot_NQ_MomentumApertura_30min_RTH;Long;1;8240,00;8227,50;2/12/2015 10:30:00;2/12/2015 12:00:00;MomLong;KillSwitch;$-255,76;$1849,80;$5,76;$0,00;$0,00;$0,00;$0,00;$270,00;$60,00;$315,76;4;
21;NQ 09-26;Backtest;PROD_Bot_NQ_MomentumApertura_30min_RTH;Long;1;8139,25;8129,00;15/12/2015 11:00:00;15/12/2015 12:00:00;MomLong;KillSwitch;$-210,76;$1639,04;$5,76;$0,00;$0,00;$0,00;$0,00;$310,00;$30,00;$240,76;3;
22;NQ 09-26;Backtest;PROD_Bot_NQ_MomentumApertura_30min_RTH;Long;1;8125,75;8116,25;23/12/2015 10:30:00;23/12/2015 11:00:00;MomLong;KillSwitch;$-195,76;$1443,28;$5,76;$0,00;$0,00;$0,00;$0,00;$205,00;$95,00;$290,76;2;
23;NQ 09-26;Backtest;PROD_Bot_NQ_MomentumApertura_30min_RTH;Long;1;8174,00;8201,75;29/12/2015 10:30:00;29/12/2015 16:00:00;MomLong;CierreContado;$549,24;$1992,52;$5,76;$0,00;$0,00;$0,00;$0,00;$10,00;$770,00;$220,76;12;
24;NQ 09-26;Backtest;PROD_Bot_NQ_MomentumApertura_30min_RTH;Long;1;7594,00;7586,00;15/2/2016 10:30:00;15/2/2016 11:00:00;MomLong;KillSwitch;$-165,76;$1826,76;$5,76;$0,00;$0,00;$0,00;$0,00;$160,00;$40,00;$205,76;2;
25;NQ 09-26;Backtest;PROD_Bot_NQ_MomentumApertura_30min_RTH;Long;1;7657,00;7711,75;17/2/2016 10:30:00;17/2/2016 16:00:00;MomLong;CierreContado;$1089,24;$2916,00;$5,76;$0,00;$0,00;$0,00;$0,00;$30,00;$1235,00;$145,76;12;
26;NQ 09-26;Backtest;PROD_Bot_NQ_MomentumApertura_30min_RTH;Long;1;7730,75;7741,75;22/2/2016 11:00:00;22/2/2016 16:00:00;MomLong;CierreContado;$214,24;$3130,24;$5,76;$0,00;$0,00;$0,00;$0,00;$190,00;$360,00;$145,76;11;
27;NQ 09-26;Backtest;PROD_Bot_NQ_MomentumApertura_30min_RTH;Long;1;7774,50;7759,25;26/2/2016 10:30:00;26/2/2016 11:00:00;MomLong;KillSwitch;$-310,76;$2819,48;$5,76;$0,00;$0,00;$0,00;$0,00;$400,00;$0,00;$310,76;2;
28;NQ 09-26;Backtest;PROD_Bot_NQ_MomentumApertura_30min_RTH;Long;1;8025,50;8004,50;30/3/2016 10:30:00;30/3/2016 11:00:00;MomLong;KillSwitch;$-425,76;$2393,72;$5,76;$0,00;$0,00;$0,00;$0,00;$430,00;$75,00;$500,76;2;
29;NQ 09-26;Backtest;PROD_Bot_NQ_MomentumApertura_30min_RTH;Long;1;8062,75;8056,00;13/4/2016 11:00:00;13/4/2016 11:30:00;MomLong;KillSwitch;$-140,76;$2252,96;$5,76;$0,00;$0,00;$0,00;$0,00;$260,00;$110,00;$250,76;2;
30;NQ 09-26;Backtest;PROD_Bot_NQ_MomentumApertura_30min_RTH;Long;1;7953,25;7968,25;24/5/2016 11:00:00;24/5/2016 16:00:00;MomLong;CierreContado;$294,24;$2547,20;$5,76;$0,00;$0,00;$0,00;$0,00;$65,00;$360,00;$65,76;11;
31;NQ 09-26;Backtest;PROD_Bot_NQ_MomentumApertura_30min_RTH;Long;1;8025,75;8019,50;27/5/2016 10:30:00;27/5/2016 13:30:00;MomLong;Trail stop;$-130,76;$2416,44;$5,76;$0,00;$0,00;$0,00;$0,00;$125,00;$195,00;$325,76;7;
32;NQ 09-26;Backtest;PROD_Bot_NQ_MomentumApertura_30min_RTH;Long;1;7975,25;7968,00;1/7/2016 10:30:00;1/7/2016 11:00:00;MomLong;KillSwitch;$-150,76;$2265,68;$5,76;$0,00;$0,00;$0,00;$0,00;$210,00;$35,00;$185,76;2;
33;NQ 09-26;Backtest;PROD_Bot_NQ_MomentumApertura_30min_RTH;Long;1;8037,50;8047,75;8/7/2016 10:30:00;8/7/2016 16:00:00;MomLong;CierreContado;$199,24;$2464,92;$5,76;$0,00;$0,00;$0,00;$0,00;$45,00;$330,00;$130,76;12;
34;NQ 09-26;Backtest;PROD_Bot_NQ_MomentumApertura_30min_RTH;Long;1;8178,25;8186,25;20/7/2016 10:30:00;20/7/2016 16:00:00;MomLong;CierreContado;$154,24;$2619,16;$5,76;$0,00;$0,00;$0,00;$0,00;$75,00;$230,00;$75,76;12;
35;NQ 09-26;Backtest;PROD_Bot_NQ_MomentumApertura_30min_RTH;Long;1;8221,00;8207,75;27/7/2016 10:30:00;27/7/2016 13:30:00;MomLong;Trail stop;$-270,76;$2348,40;$5,76;$0,00;$0,00;$0,00;$0,00;$265,00;$130,00;$400,76;7;
36;NQ 09-26;Backtest;PROD_Bot_NQ_MomentumApertura_30min_RTH;Long;1;8258,00;8250,75;29/7/2016 10:30:00;29/7/2016 15:00:00;MomLong;KillSwitch;$-150,76;$2197,64;$5,76;$0,00;$0,00;$0,00;$0,00;$200,00;$185,00;$335,76;10;
37;NQ 09-26;Backtest;PROD_Bot_NQ_MomentumApertura_30min_RTH;Long;1;8283,00;8271,50;1/8/2016 10:30:00;1/8/2016 11:30:00;MomLong;Trail stop;$-235,76;$1961,88;$5,76;$0,00;$0,00;$0,00;$0,00;$230,00;$160,00;$395,76;3;
38;NQ 09-26;Backtest;PROD_Bot_NQ_MomentumApertura_30min_RTH;Long;1;8326,50;8319,25;5/8/2016 10:30:00;5/8/2016 14:00:00;MomLong;KillSwitch;$-150,76;$1811,12;$5,76;$0,00;$0,00;$0,00;$0,00;$145,00;$40,00;$190,76;8;
39;NQ 09-26;Backtest;PROD_Bot_NQ_MomentumApertura_30min_RTH;Long;1;8333,25;8323,00;9/8/2016 10:30:00;9/8/2016 12:00:00;MomLong;Trail stop;$-210,76;$1600,36;$5,76;$0,00;$0,00;$0,00;$0,00;$205,00;$105,00;$315,76;4;
40;NQ 09-26;Backtest;PROD_Bot_NQ_MomentumApertura_30min_RTH;Long;1;8360,75;8354,25;15/8/2016 10:30:00;15/8/2016 15:30:00;MomLong;KillSwitch;$-135,76;$1464,60;$5,76;$0,00;$0,00;$0,00;$0,00;$135,00;$105,00;$240,76;11;
41;NQ 09-26;Backtest;PROD_Bot_NQ_MomentumApertura_30min_RTH;Long;1;8412,75;8423,00;22/9/2016 10:30:00;22/9/2016 16:00:00;MomLong;CierreContado;$199,24;$1663,84;$5,76;$0,00;$0,00;$0,00;$0,00;$90,00;$285,00;$85,76;12;
42;NQ 09-26;Backtest;PROD_Bot_NQ_MomentumApertura_30min_RTH;Long;1;8379,75;8374,00;18/10/2016 11:00:00;18/10/2016 15:00:00;MomLong;KillSwitch;$-120,76;$1543,08;$5,76;$0,00;$0,00;$0,00;$0,00;$115,00;$235,00;$355,76;9;
43;NQ 09-26;Backtest;PROD_Bot_NQ_MomentumApertura_30min_RTH;Long;1;8429,00;8442,25;24/10/2016 10:30:00;24/10/2016 16:00:00;MomLong;CierreContado;$259,24;$1802,32;$5,76;$0,00;$0,00;$0,00;$0,00;$90,00;$265,00;$5,76;12;
44;NQ 09-26;Backtest;PROD_Bot_NQ_MomentumApertura_30min_RTH;Long;1;8428,00;8422,00;9/12/2016 10:30:00;9/12/2016 11:00:00;MomLong;KillSwitch;$-125,76;$1676,56;$5,76;$0,00;$0,00;$0,00;$0,00;$265,00;$10,00;$135,76;2;
45;NQ 09-26;Backtest;PROD_Bot_NQ_MomentumApertura_30min_RTH;Long;1;8483,00;8469,50;13/12/2016 11:00:00;13/12/2016 16:00:00;MomLong;Trail stop;$-275,76;$1400,80;$5,76;$0,00;$0,00;$0,00;$0,00;$270,00;$300,00;$575,76;11;
46;NQ 09-26;Backtest;PROD_Bot_NQ_MomentumApertura_30min_RTH;Long;1;8527,50;8520,25;27/12/2016 10:30:00;27/12/2016 11:30:00;MomLong;KillSwitch;$-150,76;$1250,04;$5,76;$0,00;$0,00;$0,00;$0,00;$180,00;$65,00;$215,76;3;
47;NQ 09-26;Backtest;PROD_Bot_NQ_MomentumApertura_30min_RTH;Long;1;8514,25;8540,50;6/1/2017 10:30:00;6/1/2017 16:00:00;MomLong;CierreContado;$519,24;$1769,28;$5,76;$0,00;$0,00;$0,00;$0,00;$145,00;$795,00;$275,76;12;
48;NQ 09-26;Backtest;PROD_Bot_NQ_MomentumApertura_30min_RTH;Long;1;8610,25;8593,00;19/1/2017 10:30:00;19/1/2017 10:30:00;MomLong;Trail stop;$-350,76;$1418,52;$5,76;$0,00;$0,00;$0,00;$0,00;$345,00;$0,00;$350,76;1;
49;NQ 09-26;Backtest;PROD_Bot_NQ_MomentumApertura_30min_RTH;Long;1;8667,50;8683,50;25/1/2017 10:30:00;25/1/2017 16:00:00;MomLong;CierreContado;$314,24;$1732,76;$5,76;$0,00;$0,00;$0,00;$0,00;$75,00;$320,00;$5,76;12;
50;NQ 09-26;Backtest;PROD_Bot_NQ_MomentumApertura_30min_RTH;Long;1;8717,50;8712,75;7/2/2017 11:00:00;7/2/2017 13:00:00;MomLong;Trail stop;$-100,76;$1632,00;$5,76;$0,00;$0,00;$0,00;$0,00;$95,00;$220,00;$320,76;5;
51;NQ 09-26;Backtest;PROD_Bot_NQ_MomentumApertura_30min_RTH;Long;1;8740,75;8747,25;9/2/2017 11:00:00;9/2/2017 16:00:00;MomLong;CierreContado;$124,24;$1756,24;$5,76;$0,00;$0,00;$0,00;$0,00;$85,00;$300,00;$175,76;11;
52;NQ 09-26;Backtest;PROD_Bot_NQ_MomentumApertura_30min_RTH;Long;1;8782,00;8790,00;13/2/2017 10:30:00;13/2/2017 16:00:00;MomLong;CierreContado;$154,24;$1910,48;$5,76;$0,00;$0,00;$0,00;$0,00;$40,00;$320,00;$165,76;12;
53;NQ 09-26;Backtest;PROD_Bot_NQ_MomentumApertura_30min_RTH;Long;1;8869,00;8877,00;20/2/2017 10:30:00;20/2/2017 13:00:00;MomLong;Exit on session close;$154,24;$2064,72;$5,76;$0,00;$0,00;$0,00;$0,00;$15,00;$235,00;$80,76;6;
54;NQ 09-26;Backtest;PROD_Bot_NQ_MomentumApertura_30min_RTH;Long;1;8907,50;8928,50;1/3/2017 11:00:00;1/3/2017 16:00:00;MomLong;CierreContado;$414,24;$2478,96;$5,76;$0,00;$0,00;$0,00;$0,00;$125,00;$540,00;$125,76;11;
55;NQ 09-26;Backtest;PROD_Bot_NQ_MomentumApertura_30min_RTH;Long;1;8979,50;8965,75;30/3/2017 10:30:00;30/3/2017 11:30:00;MomLong;KillSwitch;$-280,76;$2198,20;$5,76;$0,00;$0,00;$0,00;$0,00;$275,00;$20,00;$300,76;3;
56;NQ 09-26;Backtest;PROD_Bot_NQ_MomentumApertura_30min_RTH;Long;1;9006,25;8997,00;5/4/2017 10:30:00;5/4/2017 11:00:00;MomLong;KillSwitch;$-190,76;$2007,44;$5,76;$0,00;$0,00;$0,00;$0,00;$185,00;$80,00;$270,76;2;
57;NQ 09-26;Backtest;PROD_Bot_NQ_MomentumApertura_30min_RTH;Long;1;8963,25;8956,50;19/4/2017 11:00:00;19/4/2017 11:30:00;MomLong;KillSwitch;$-140,76;$1866,68;$5,76;$0,00;$0,00;$0,00;$0,00;$135,00;$0,00;$140,76;2;
58;NQ 09-26;Backtest;PROD_Bot_NQ_MomentumApertura_30min_RTH;Long;1;9036,50;9028,50;24/4/2017 10:30:00;24/4/2017 11:30:00;MomLong;KillSwitch;$-165,76;$1700,92;$5,76;$0,00;$0,00;$0,00;$0,00;$195,00;$10,00;$175,76;3;
59;NQ 09-26;Backtest;PROD_Bot_NQ_MomentumApertura_30min_RTH;Long;1;9149,25;9164,75;1/5/2017 10:30:00;1/5/2017 16:00:00;MomLong;CierreContado;$304,24;$2005,16;$5,76;$0,00;$0,00;$0,00;$0,00;$50,00;$415,00;$110,76;12;
60;NQ 09-26;Backtest;PROD_Bot_NQ_MomentumApertura_30min_RTH;Long;1;9211,00;9202,00;9/5/2017 10:30:00;9/5/2017 12:30:00;MomLong;Trail stop;$-185,76;$1819,40;$5,76;$0,00;$0,00;$0,00;$0,00;$180,00;$70,00;$255,76;5;
61;NQ 09-26;Backtest;PROD_Bot_NQ_MomentumApertura_30min_RTH;Long;1;9237,25;9229,75;15/5/2017 10:30:00;15/5/2017 11:00:00;MomLong;KillSwitch;$-155,76;$1663,64;$5,76;$0,00;$0,00;$0,00;$0,00;$150,00;$30,00;$185,76;2;
62;NQ 09-26;Backtest;PROD_Bot_NQ_MomentumApertura_30min_RTH;Long;1;9246,50;9257,00;16/5/2017 11:00:00;16/5/2017 16:00:00;MomLong;CierreContado;$204,24;$1867,88;$5,76;$0,00;$0,00;$0,00;$0,00;$85,00;$270,00;$65,76;11;
63;NQ 09-26;Backtest;PROD_Bot_NQ_MomentumApertura_30min_RTH;Long;1;9301,25;9310,75;25/5/2017 10:30:00;25/5/2017 15:00:00;MomLong;Trail stop;$184,24;$2052,12;$5,76;$0,00;$0,00;$0,00;$0,00;$25,00;$540,00;$355,76;10;
64;NQ 09-26;Backtest;PROD_Bot_NQ_MomentumApertura_30min_RTH;Long;1;9381,75;9418,00;2/6/2017 10:30:00;2/6/2017 16:00:00;MomLong;CierreContado;$719,24;$2771,36;$5,76;$0,00;$0,00;$0,00;$0,00;$20,00;$755,00;$35,76;12;
65;NQ 09-26;Backtest;PROD_Bot_NQ_MomentumApertura_30min_RTH;Long;1;9283,75;9312,50;12/7/2017 10:30:00;12/7/2017 16:00:00;MomLong;CierreContado;$569,24;$3340,60;$5,76;$0,00;$0,00;$0,00;$0,00;$25,00;$575,00;$5,76;12;
66;NQ 09-26;Backtest;PROD_Bot_NQ_MomentumApertura_30min_RTH;Long;1;9338,50;9370,00;14/7/2017 10:30:00;14/7/2017 16:00:00;MomLong;CierreContado;$624,24;$3964,84;$5,76;$0,00;$0,00;$0,00;$0,00;$100,00;$665,00;$40,76;12;
67;NQ 09-26;Backtest;PROD_Bot_NQ_MomentumApertura_30min_RTH;Long;1;9429,50;9443,50;19/7/2017 10:30:00;19/7/2017 16:00:00;MomLong;CierreContado;$274,24;$4239,08;$5,76;$0,00;$0,00;$0,00;$0,00;$25,00;$390,00;$115,76;12;
68;NQ 09-26;Backtest;PROD_Bot_NQ_MomentumApertura_30min_RTH;Long;1;9515,25;9498,75;27/7/2017 10:30:00;27/7/2017 12:00:00;MomLong;KillSwitch;$-335,76;$3903,32;$5,76;$0,00;$0,00;$0,00;$0,00;$330,00;$90,00;$425,76;4;
69;NQ 09-26;Backtest;PROD_Bot_NQ_MomentumApertura_30min_RTH;Long;1;9454,00;9451,25;16/8/2017 11:00:00;16/8/2017 12:30:00;MomLong;Trail stop;$-60,76;$3842,56;$5,76;$0,00;$0,00;$0,00;$0,00;$55,00;$390,00;$450,76;4;
70;NQ 09-26;Backtest;PROD_Bot_NQ_MomentumApertura_30min_RTH;Long;1;9430,25;9459,00;30/8/2017 10:30:00;30/8/2017 16:00:00;MomLong;CierreContado;$569,24;$4411,80;$5,76;$0,00;$0,00;$0,00;$0,00;$125,00;$755,00;$185,76;12;
71;NQ 09-26;Backtest;PROD_Bot_NQ_MomentumApertura_30min_RTH;Long;1;9487,50;9496,25;29/9/2017 11:00:00;29/9/2017 16:00:00;MomLong;CierreContado;$169,24;$4581,04;$5,76;$0,00;$0,00;$0,00;$0,00;$125,00;$295,00;$125,76;11;
72;NQ 09-26;Backtest;PROD_Bot_NQ_MomentumApertura_30min_RTH;Long;1;9547,25;9579,25;5/10/2017 11:00:00;5/10/2017 16:00:00;MomLong;CierreContado;$634,24;$5215,28;$5,76;$0,00;$0,00;$0,00;$0,00;$45,00;$750,00;$115,76;11;
73;NQ 09-26;Backtest;PROD_Bot_NQ_MomentumApertura_30min_RTH;Long;1;9591,25;9580,75;9/10/2017 11:00:00;9/10/2017 14:30:00;MomLong;KillSwitch;$-215,76;$4999,52;$5,76;$0,00;$0,00;$0,00;$0,00;$210,00;$70,00;$285,76;8;
74;NQ 09-26;Backtest;PROD_Bot_NQ_MomentumApertura_30min_RTH;Long;1;9683,00;9733,00;27/10/2017 10:30:00;27/10/2017 16:00:00;MomLong;CierreContado;$994,24;$5993,76;$5,76;$0,00;$0,00;$0,00;$0,00;$15,00;$1190,00;$195,76;12;
75;NQ 09-26;Backtest;PROD_Bot_NQ_MomentumApertura_30min_RTH;Long;1;9759,25;9767,75;31/10/2017 10:30:00;31/10/2017 16:00:00;MomLong;CierreContado;$164,24;$6158,00;$5,76;$0,00;$0,00;$0,00;$0,00;$70,00;$325,00;$160,76;12;
76;NQ 09-26;Backtest;PROD_Bot_NQ_MomentumApertura_30min_RTH;Long;1;9897,00;9896,75;21/11/2017 11:00:00;21/11/2017 16:00:00;MomLong;CierreContado;$-10,76;$6147,24;$5,76;$0,00;$0,00;$0,00;$0,00;$115,00;$100,00;$110,76;11;
77;NQ 09-26;Backtest;PROD_Bot_NQ_MomentumApertura_30min_RTH;Long;1;9917,25;9930,75;24/11/2017 11:00:00;24/11/2017 13:15:00;MomLong;Exit on session close;$264,24;$6411,48;$5,76;$0,00;$0,00;$0,00;$0,00;$15,00;$310,00;$45,76;6;
78;NQ 09-26;Backtest;PROD_Bot_NQ_MomentumApertura_30min_RTH;Long;1;9885,75;9869,00;8/12/2017 10:30:00;8/12/2017 12:00:00;MomLong;KillSwitch;$-340,76;$6070,72;$5,76;$0,00;$0,00;$0,00;$0,00;$385,00;$100,00;$440,76;4;
79;NQ 09-26;Backtest;PROD_Bot_NQ_MomentumApertura_30min_RTH;Long;1;10122,75;10158,50;5/1/2018 10:30:00;5/1/2018 16:00:00;MomLong;CierreContado;$709,24;$6779,96;$5,76;$0,00;$0,00;$0,00;$0,00;$115,00;$715,00;$5,76;12;
80;NQ 09-26;Backtest;PROD_Bot_NQ_MomentumApertura_30min_RTH;Long;1;10238,50;10232,75;12/1/2018 11:00:00;12/1/2018 11:00:00;MomLong;Trail stop;$-120,76;$6659,20;$5,76;$0,00;$0,00;$0,00;$0,00;$115,00;$0,00;$120,76;1;
81;NQ 09-26;Backtest;PROD_Bot_NQ_MomentumApertura_30min_RTH;Long;1;10335,75;10327,75;16/1/2018 10:30:00;16/1/2018 11:00:00;MomLong;KillSwitch;$-165,76;$6493,44;$5,76;$0,00;$0,00;$0,00;$0,00;$290,00;$80,00;$245,76;2;
82;NQ 09-26;Backtest;PROD_Bot_NQ_MomentumApertura_30min_RTH;Long;1;10376,50;10410,75;22/1/2018 11:00:00;22/1/2018 16:00:00;MomLong;CierreContado;$679,24;$7172,68;$5,76;$0,00;$0,00;$0,00;$0,00;$70,00;$685,00;$5,76;11;
83;NQ 09-26;Backtest;PROD_Bot_NQ_MomentumApertura_30min_RTH;Long;1;10463,50;10474,50;23/1/2018 11:00:00;23/1/2018 16:00:00;MomLong;CierreContado;$214,24;$7386,92;$5,76;$0,00;$0,00;$0,00;$0,00;$285,00;$260,00;$45,76;11;
84;NQ 09-26;Backtest;PROD_Bot_NQ_MomentumApertura_30min_RTH;Long;1;10251,25;10190,50;15/2/2018 10:30:00;15/2/2018 11:00:00;MomLong;Trail stop;$-1220,76;$6166,16;$5,76;$0,00;$0,00;$0,00;$0,00;$1215,00;$10,00;$1230,76;2;
85;NQ 09-26;Backtest;PROD_Bot_NQ_MomentumApertura_30min_RTH;Long;1;10456,50;10443,25;26/2/2018 10:30:00;26/2/2018 11:00:00;MomLong;KillSwitch;$-270,76;$5895,40;$5,76;$0,00;$0,00;$0,00;$0,00;$350,00;$155,00;$425,76;2;
86;NQ 09-26;Backtest;PROD_Bot_NQ_MomentumApertura_30min_RTH;Long;1;10524,50;10599,00;9/3/2018 10:30:00;9/3/2018 16:00:00;MomLong;CierreContado;$1484,24;$7379,64;$5,76;$0,00;$0,00;$0,00;$0,00;$55,00;$1490,00;$5,76;12;
87;NQ 09-26;Backtest;PROD_Bot_NQ_MomentumApertura_30min_RTH;Long;1;10268,25;10300,75;17/4/2018 10:30:00;17/4/2018 16:00:00;MomLong;CierreContado;$644,24;$8023,88;$5,76;$0,00;$0,00;$0,00;$0,00;$10,00;$1035,00;$390,76;12;
88;NQ 09-26;Backtest;PROD_Bot_NQ_MomentumApertura_30min_RTH;Long;1;10475,00;10465,50;14/5/2018 10:30:00;14/5/2018 11:30:00;MomLong;KillSwitch;$-195,76;$7828,12;$5,76;$0,00;$0,00;$0,00;$0,00;$285,00;$215,00;$410,76;3;
89;NQ 09-26;Backtest;PROD_Bot_NQ_MomentumApertura_30min_RTH;Long;1;10542,25;10560,25;1/6/2018 11:00:00;1/6/2018 16:00:00;MomLong;CierreContado;$354,24;$8182,36;$5,76;$0,00;$0,00;$0,00;$0,00;$30,00;$470,00;$115,76;11;
90;NQ 09-26;Backtest;PROD_Bot_NQ_MomentumApertura_30min_RTH;Long;1;10735,75;10727,50;13/6/2018 11:00:00;13/6/2018 12:00:00;MomLong;KillSwitch;$-170,76;$8011,60;$5,76;$0,00;$0,00;$0,00;$0,00;$355,00;$115,00;$285,76;3;
91;NQ 09-26;Backtest;PROD_Bot_NQ_MomentumApertura_30min_RTH;Long;1;10627,00;10682,00;6/7/2018 10:30:00;6/7/2018 16:00:00;MomLong;CierreContado;$1094,24;$9105,84;$5,76;$0,00;$0,00;$0,00;$0,00;$40,00;$1245,00;$150,76;12;
92;NQ 09-26;Backtest;PROD_Bot_NQ_MomentumApertura_30min_RTH;Long;1;10917,00;10899,50;24/7/2018 10:30:00;24/7/2018 11:00:00;MomLong;KillSwitch;$-355,76;$8750,08;$5,76;$0,00;$0,00;$0,00;$0,00;$650,00;$75,00;$430,76;2;
93;NQ 09-26;Backtest;PROD_Bot_NQ_MomentumApertura_30min_RTH;Long;1;11017,00;11018,50;27/8/2018 10:30:00;27/8/2018 16:00:00;MomLong;CierreContado;$24,24;$8774,32;$5,76;$0,00;$0,00;$0,00;$0,00;$295,00;$65,00;$40,76;12;
94;NQ 09-26;Backtest;PROD_Bot_NQ_MomentumApertura_30min_RTH;Long;1;11090,25;11122,50;29/8/2018 10:30:00;29/8/2018 16:00:00;MomLong;CierreContado;$639,24;$9413,56;$5,76;$0,00;$0,00;$0,00;$0,00;$70,00;$670,00;$30,76;12;
95;NQ 09-26;Backtest;PROD_Bot_NQ_MomentumApertura_30min_RTH;Long;1;11019,00;11037,25;20/9/2018 11:00:00;20/9/2018 16:00:00;MomLong;CierreContado;$359,24;$9772,80;$5,76;$0,00;$0,00;$0,00;$0,00;$160,00;$365,00;$5,76;11;
96;NQ 09-26;Backtest;PROD_Bot_NQ_MomentumApertura_30min_RTH;Long;1;11064,50;11056,50;26/9/2018 11:00:00;26/9/2018 12:00:00;MomLong;KillSwitch;$-165,76;$9607,04;$5,76;$0,00;$0,00;$0,00;$0,00;$205,00;$30,00;$195,76;3;
97;NQ 09-26;Backtest;PROD_Bot_NQ_MomentumApertura_30min_RTH;Long;1;11143,00;11131,00;1/10/2018 10:30:00;1/10/2018 11:30:00;MomLong;KillSwitch;$-245,76;$9361,28;$5,76;$0,00;$0,00;$0,00;$0,00;$370,00;$5,00;$250,76;3;
98;NQ 09-26;Backtest;PROD_Bot_NQ_MomentumApertura_30min_RTH;Long;1;10549,25;10633,00;7/11/2018 11:00:00;7/11/2018 16:00:00;MomLong;CierreContado;$1669,24;$11030,52;$5,76;$0,00;$0,00;$0,00;$0,00;$15,00;$1675,00;$5,76;11;
99;NQ 09-26;Backtest;PROD_Bot_NQ_MomentumApertura_30min_RTH;Long;1;10473,00;10467,50;3/12/2018 10:30:00;3/12/2018 11:00:00;MomLong;Trail stop;$-115,76;$10914,76;$5,76;$0,00;$0,00;$0,00;$0,00;$110,00;$1005,00;$1120,76;2;
100;NQ 09-26;Backtest;PROD_Bot_NQ_MomentumApertura_30min_RTH;Long;1;10004,75;9980,00;9/1/2019 10:30:00;9/1/2019 11:30:00;MomLong;KillSwitch;$-500,76;$10414,00;$5,76;$0,00;$0,00;$0,00;$0,00;$940,00;$150,00;$650,76;3;
101;NQ 09-26;Backtest;PROD_Bot_NQ_MomentumApertura_30min_RTH;Long;1;10147,75;10174,75;18/1/2019 10:30:00;18/1/2019 15:00:00;MomLong;Trail stop;$534,24;$10948,24;$5,76;$0,00;$0,00;$0,00;$0,00;$280,00;$1560,00;$1025,76;10;
102;NQ 09-26;Backtest;PROD_Bot_NQ_MomentumApertura_30min_RTH;Long;1;10402,75;10380,00;5/2/2019 10:30:00;5/2/2019 13:00:00;MomLong;Trail stop;$-460,76;$10487,48;$5,76;$0,00;$0,00;$0,00;$0,00;$455,00;$470,00;$930,76;6;
103;NQ 09-26;Backtest;PROD_Bot_NQ_MomentumApertura_30min_RTH;Long;1;10389,50;10415,75;12/2/2019 11:00:00;12/2/2019 16:00:00;MomLong;CierreContado;$519,24;$11006,72;$5,76;$0,00;$0,00;$0,00;$0,00;$190,00;$730,00;$210,76;11;
104;NQ 09-26;Backtest;PROD_Bot_NQ_MomentumApertura_30min_RTH;Long;1;10548,75;10530,25;25/2/2019 11:00:00;25/2/2019 13:00:00;MomLong;KillSwitch;$-375,76;$10630,96;$5,76;$0,00;$0,00;$0,00;$0,00;$375,00;$345,00;$720,76;5;
105;NQ 09-26;Backtest;PROD_Bot_NQ_MomentumApertura_30min_RTH;Long;1;10605,00;10597,50;4/3/2019 10:30:00;4/3/2019 11:00:00;MomLong;KillSwitch;$-155,76;$10475,20;$5,76;$0,00;$0,00;$0,00;$0,00;$480,00;$50,00;$205,76;2;
106;NQ 09-26;Backtest;PROD_Bot_NQ_MomentumApertura_30min_RTH;Long;1;10528,25;10568,25;11/3/2019 11:00:00;11/3/2019 16:00:00;MomLong;CierreContado;$794,24;$11269,44;$5,76;$0,00;$0,00;$0,00;$0,00;$85,00;$800,00;$5,76;11;
107;NQ 09-26;Backtest;PROD_Bot_NQ_MomentumApertura_30min_RTH;Long;1;10658,50;10653,50;13/3/2019 10:30:00;13/3/2019 15:00:00;MomLong;Trail stop;$-105,76;$11163,68;$5,76;$0,00;$0,00;$0,00;$0,00;$100,00;$685,00;$790,76;10;
108;NQ 09-26;Backtest;PROD_Bot_NQ_MomentumApertura_30min_RTH;Long;1;10703,00;10695,00;15/3/2019 11:00:00;15/3/2019 15:00:00;MomLong;Trail stop;$-165,76;$10997,92;$5,76;$0,00;$0,00;$0,00;$0,00;$160,00;$530,00;$695,76;9;
109;NQ 09-26;Backtest;PROD_Bot_NQ_MomentumApertura_30min_RTH;Long;1;10764,75;10758,75;19/3/2019 11:00:00;19/3/2019 12:00:00;MomLong;Trail stop;$-125,76;$10872,16;$5,76;$0,00;$0,00;$0,00;$0,00;$120,00;$500,00;$625,76;3;
110;NQ 09-26;Backtest;PROD_Bot_NQ_MomentumApertura_30min_RTH;Long;1;10834,00;10866,00;1/4/2019 10:30:00;1/4/2019 16:00:00;MomLong;CierreContado;$634,24;$11506,40;$5,76;$0,00;$0,00;$0,00;$0,00;$50,00;$820,00;$185,76;12;
111;NQ 09-26;Backtest;PROD_Bot_NQ_MomentumApertura_30min_RTH;Long;1;10962,50;10952,25;3/4/2019 10:30:00;3/4/2019 13:00:00;MomLong;Trail stop;$-210,76;$11295,64;$5,76;$0,00;$0,00;$0,00;$0,00;$205,00;$445,00;$655,76;6;
112;NQ 09-26;Backtest;PROD_Bot_NQ_MomentumApertura_30min_RTH;Long;1;11048,25;11032,25;16/4/2019 11:00:00;16/4/2019 15:00:00;MomLong;Trail stop;$-325,76;$10969,88;$5,76;$0,00;$0,00;$0,00;$0,00;$320,00;$200,00;$525,76;9;
113;NQ 09-26;Backtest;PROD_Bot_NQ_MomentumApertura_30min_RTH;Long;1;11154,50;11152,25;23/4/2019 10:30:00;23/4/2019 10:30:00;MomLong;Trail stop;$-50,76;$10919,12;$5,76;$0,00;$0,00;$0,00;$0,00;$45,00;$0,00;$50,76;1;
114;NQ 09-26;Backtest;PROD_Bot_NQ_MomentumApertura_30min_RTH;Long;1;11176,50;11201,00;23/4/2019 11:00:00;23/4/2019 16:00:00;MomLong;CierreContado;$484,24;$11403,36;$5,76;$0,00;$0,00;$0,00;$0,00;$30,00;$635,00;$150,76;11;
115;NQ 09-26;Backtest;PROD_Bot_NQ_MomentumApertura_30min_RTH;Long;1;10991,25;10983,00;16/5/2019 10:30:00;16/5/2019 13:00:00;MomLong;KillSwitch;$-170,76;$11232,60;$5,76;$0,00;$0,00;$0,00;$0,00;$340,00;$365,00;$535,76;6;
116;NQ 09-26;Backtest;PROD_Bot_NQ_MomentumApertura_30min_RTH;Long;1;10814,25;10789,25;7/6/2019 10:30:00;7/6/2019 11:00:00;MomLong;KillSwitch;$-505,76;$10726,84;$5,76;$0,00;$0,00;$0,00;$0,00;$530,00;$145,00;$650,76;2;
117;NQ 09-26;Backtest;PROD_Bot_NQ_MomentumApertura_30min_RTH;Long;1;11058,25;11044,25;18/6/2019 10:30:00;18/6/2019 11:00:00;MomLong;KillSwitch;$-285,76;$10441,08;$5,76;$0,00;$0,00;$0,00;$0,00;$480,00;$115,00;$400,76;2;
118;NQ 09-26;Backtest;PROD_Bot_NQ_MomentumApertura_30min_RTH;Long;1;11098,50;11087,50;20/6/2019 10:30:00;20/6/2019 11:00:00;MomLong;KillSwitch;$-225,76;$10215,32;$5,76;$0,00;$0,00;$0,00;$0,00;$300,00;$260,00;$485,76;2;
119;NQ 09-26;Backtest;PROD_Bot_NQ_MomentumApertura_30min_RTH;Long;1;11149,25;11137,75;1/7/2019 10:30:00;1/7/2019 11:00:00;MomLong;KillSwitch;$-235,76;$9979,56;$5,76;$0,00;$0,00;$0,00;$0,00;$240,00;$100,00;$335,76;2;
120;NQ 09-26;Backtest;PROD_Bot_NQ_MomentumApertura_30min_RTH;Long;1;11209,50;11201,50;3/7/2019 10:30:00;3/7/2019 11:00:00;MomLong;KillSwitch;$-165,76;$9813,80;$5,76;$0,00;$0,00;$0,00;$0,00;$225,00;$115,00;$280,76;2;
121;NQ 09-26;Backtest;PROD_Bot_NQ_MomentumApertura_30min_RTH;Long;1;11243,25;11236,00;10/7/2019 10:30:00;10/7/2019 11:00:00;MomLong;Trail stop;$-150,76;$9663,04;$5,76;$0,00;$0,00;$0,00;$0,00;$375,00;$100,00;$250,76;2;
122;NQ 09-26;Backtest;PROD_Bot_NQ_MomentumApertura_30min_RTH;Long;1;11068,00;11063,50;19/8/2019 10:30:00;19/8/2019 16:00:00;MomLong;CierreContado;$-95,76;$9567,28;$5,76;$0,00;$0,00;$0,00;$0,00;$90,00;$495,00;$590,76;12;
123;NQ 09-26;Backtest;PROD_Bot_NQ_MomentumApertura_30min_RTH;Long;1;11052,00;11042,00;29/8/2019 11:00:00;29/8/2019 15:00:00;MomLong;KillSwitch;$-205,76;$9361,52;$5,76;$0,00;$0,00;$0,00;$0,00;$225,00;$420,00;$625,76;9;
124;NQ 09-26;Backtest;PROD_Bot_NQ_MomentumApertura_30min_RTH;Long;1;11204,25;11195,50;5/9/2019 10:30:00;5/9/2019 11:30:00;MomLong;KillSwitch;$-180,76;$9180,76;$5,76;$0,00;$0,00;$0,00;$0,00;$180,00;$205,00;$385,76;3;
125;NQ 09-26;Backtest;PROD_Bot_NQ_MomentumApertura_30min_RTH;Long;1;11211,25;11170,75;11/10/2019 10:30:00;11/10/2019 12:00:00;MomLong;Trail stop;$-815,76;$8365,00;$5,76;$0,00;$0,00;$0,00;$0,00;$810,00;$445,00;$1260,76;4;
126;NQ 09-26;Backtest;PROD_Bot_NQ_MomentumApertura_30min_RTH;Long;1;11275,75;11266,75;15/10/2019 10:30:00;15/10/2019 11:00:00;MomLong;KillSwitch;$-185,76;$8179,24;$5,76;$0,00;$0,00;$0,00;$0,00;$395,00;$70,00;$255,76;2;
127;NQ 09-26;Backtest;PROD_Bot_NQ_MomentumApertura_30min_RTH;Long;1;11423,00;11431,00;28/10/2019 10:30:00;28/10/2019 16:00:00;MomLong;CierreContado;$154,24;$8333,48;$5,76;$0,00;$0,00;$0,00;$0,00;$315,00;$525,00;$370,76;12;
128;NQ 09-26;Backtest;PROD_Bot_NQ_MomentumApertura_30min_RTH;Long;1;11461,50;11450,25;1/11/2019 11:00:00;1/11/2019 12:00:00;MomLong;KillSwitch;$-230,76;$8102,72;$5,76;$0,00;$0,00;$0,00;$0,00;$510,00;$135,00;$365,76;3;
129;NQ 09-26;Backtest;PROD_Bot_NQ_MomentumApertura_30min_RTH;Long;1;11542,00;11530,00;4/11/2019 10:30:00;4/11/2019 11:30:00;MomLong;KillSwitch;$-245,76;$7856,96;$5,76;$0,00;$0,00;$0,00;$0,00;$330,00;$65,00;$310,76;3;
130;NQ 09-26;Backtest;PROD_Bot_NQ_MomentumApertura_30min_RTH;Long;1;11583,75;11572,00;7/11/2019 11:00:00;7/11/2019 15:00:00;MomLong;Trail stop;$-240,76;$7616,20;$5,76;$0,00;$0,00;$0,00;$0,00;$235,00;$405,00;$645,76;9;
131;NQ 09-26;Backtest;PROD_Bot_NQ_MomentumApertura_30min_RTH;Long;1;11606,50;11598,00;12/11/2019 11:00:00;12/11/2019 13:00:00;MomLong;Trail stop;$-175,76;$7440,44;$5,76;$0,00;$0,00;$0,00;$0,00;$170,00;$310,00;$485,76;5;
132;NQ 09-26;Backtest;PROD_Bot_NQ_MomentumApertura_30min_RTH;Long;1;11682,00;11695,00;25/11/2019 11:00:00;25/11/2019 16:00:00;MomLong;CierreContado;$254,24;$7694,68;$5,76;$0,00;$0,00;$0,00;$0,00;$15,00;$260,00;$5,76;11;
133;NQ 09-26;Backtest;PROD_Bot_NQ_MomentumApertura_30min_RTH;Long;1;11738,00;11768,75;27/11/2019 10:30:00;27/11/2019 16:00:00;MomLong;CierreContado;$609,24;$8303,92;$5,76;$0,00;$0,00;$0,00;$0,00;$125,00;$615,00;$5,76;12;
134;NQ 09-26;Backtest;PROD_Bot_NQ_MomentumApertura_30min_RTH;Long;1;11708,50;11723,75;6/12/2019 10:30:00;6/12/2019 16:00:00;MomLong;CierreContado;$299,24;$8603,16;$5,76;$0,00;$0,00;$0,00;$0,00;$220,00;$390,00;$90,76;12;
135;NQ 09-26;Backtest;PROD_Bot_NQ_MomentumApertura_30min_RTH;Long;1;11786,25;11783,25;12/12/2019 10:30:00;12/12/2019 11:30:00;MomLong;Trail stop;$-65,76;$8537,40;$5,76;$0,00;$0,00;$0,00;$0,00;$60,00;$655,00;$720,76;3;
136;NQ 09-26;Backtest;PROD_Bot_NQ_MomentumApertura_30min_RTH;Long;1;11894,00;11898,75;16/12/2019 10:30:00;16/12/2019 16:00:00;MomLong;CierreContado;$89,24;$8626,64;$5,76;$0,00;$0,00;$0,00;$0,00;$65,00;$410,00;$320,76;12;
137;NQ 09-26;Backtest;PROD_Bot_NQ_MomentumApertura_30min_RTH;Long;1;11998,50;11991,25;20/12/2019 11:00:00;20/12/2019 16:00:00;MomLong;Trail stop;$-150,76;$8475,88;$5,76;$0,00;$0,00;$0,00;$0,00;$145,00;$315,00;$465,76;11;
138;NQ 09-26;Backtest;PROD_Bot_NQ_MomentumApertura_30min_RTH;Long;1;12054,25;12091,25;26/12/2019 10:30:00;26/12/2019 16:00:00;MomLong;CierreContado;$734,24;$9210,12;$5,76;$0,00;$0,00;$0,00;$0,00;$10,00;$740,00;$5,76;12;
139;NQ 09-26;Backtest;PROD_Bot_NQ_MomentumApertura_30min_RTH;Long;1;12145,50;12107,00;2/1/2020 10:30:00;2/1/2020 10:30:00;MomLong;Trail stop;$-775,76;$8434,36;$5,76;$0,00;$0,00;$0,00;$0,00;$770,00;$0,00;$775,76;1;
140;NQ 09-26;Backtest;PROD_Bot_NQ_MomentumApertura_30min_RTH;Long;1;12301,50;12279,25;9/1/2020 10:30:00;9/1/2020 13:00:00;MomLong;KillSwitch;$-450,76;$7983,60;$5,76;$0,00;$0,00;$0,00;$0,00;$525,00;$265,00;$715,76;6;
141;NQ 09-26;Backtest;PROD_Bot_NQ_MomentumApertura_30min_RTH;Long;1;12455,50;12441,25;17/1/2020 10:30:00;17/1/2020 11:00:00;MomLong;Trail stop;$-290,76;$7692,84;$5,76;$0,00;$0,00;$0,00;$0,00;$285,00;$130,00;$420,76;2;
142;NQ 09-26;Backtest;PROD_Bot_NQ_MomentumApertura_30min_RTH;Long;1;12540,50;12525,25;22/1/2020 11:00:00;22/1/2020 12:00:00;MomLong;KillSwitch;$-310,76;$7382,08;$5,76;$0,00;$0,00;$0,00;$0,00;$500,00;$210,00;$520,76;3;
143;NQ 09-26;Backtest;PROD_Bot_NQ_MomentumApertura_30min_RTH;Long;1;12566,50;12529,75;24/1/2020 10:30:00;24/1/2020 11:00:00;MomLong;KillSwitch;$-740,76;$6641,32;$5,76;$0,00;$0,00;$0,00;$0,00;$740,00;$5,00;$745,76;2;
144;NQ 09-26;Backtest;PROD_Bot_NQ_MomentumApertura_30min_RTH;Long;1;12577,50;12632,75;4/2/2020 11:00:00;4/2/2020 16:00:00;MomLong;CierreContado;$1099,24;$7740,56;$5,76;$0,00;$0,00;$0,00;$0,00;$100,00;$1535,00;$435,76;11;
145;NQ 09-26;Backtest;PROD_Bot_NQ_MomentumApertura_30min_RTH;Long;1;12711,50;12693,00;6/2/2020 10:30:00;6/2/2020 11:00:00;MomLong;KillSwitch;$-375,76;$7364,80;$5,76;$0,00;$0,00;$0,00;$0,00;$480,00;$80,00;$455,76;2;
146;NQ 09-26;Backtest;PROD_Bot_NQ_MomentumApertura_30min_RTH;Long;1;12854,75;12862,75;11/2/2020 10:30:00;11/2/2020 12:00:00;MomLong;Trail stop;$154,24;$7519,04;$5,76;$0,00;$0,00;$0,00;$0,00;$15,00;$1035,00;$880,76;4;
147;NQ 09-26;Backtest;PROD_Bot_NQ_MomentumApertura_30min_RTH;Long;1;13014,25;13028,50;19/2/2020 11:00:00;19/2/2020 16:00:00;MomLong;CierreContado;$279,24;$7798,28;$5,76;$0,00;$0,00;$0,00;$0,00;$135,00;$630,00;$350,76;11;
148;NQ 09-26;Backtest;PROD_Bot_NQ_MomentumApertura_30min_RTH;Long;1;11189,75;11340,00;6/4/2020 11:00:00;6/4/2020 16:00:00;MomLong;CierreContado;$2999,24;$10797,52;$5,76;$0,00;$0,00;$0,00;$0,00;$360,00;$4315,00;$1315,76;11;
149;NQ 09-26;Backtest;PROD_Bot_NQ_MomentumApertura_30min_RTH;Long;1;11888,25;11870,75;14/4/2020 10:30:00;14/4/2020 11:00:00;MomLong;KillSwitch;$-355,76;$10441,76;$5,76;$0,00;$0,00;$0,00;$0,00;$760,00;$350,00;$705,76;2;
150;NQ 09-26;Backtest;PROD_Bot_NQ_MomentumApertura_30min_RTH;Long;1;12061,75;11979,50;16/4/2020 11:00:00;16/4/2020 11:30:00;MomLong;Trail stop;$-1650,76;$8791,00;$5,76;$0,00;$0,00;$0,00;$0,00;$1645,00;$550,00;$2200,76;2;
151;NQ 09-26;Backtest;PROD_Bot_NQ_MomentumApertura_30min_RTH;Long;1;12123,50;12107,75;27/4/2020 10:30:00;27/4/2020 13:30:00;MomLong;KillSwitch;$-320,76;$8470,24;$5,76;$0,00;$0,00;$0,00;$0,00;$560,00;$930,00;$1250,76;7;
152;NQ 09-26;Backtest;PROD_Bot_NQ_MomentumApertura_30min_RTH;Long;1;12278,50;12254,75;5/5/2020 11:00:00;5/5/2020 15:00:00;MomLong;KillSwitch;$-480,76;$7989,48;$5,76;$0,00;$0,00;$0,00;$0,00;$530,00;$960,00;$1440,76;9;
153;NQ 09-26;Backtest;PROD_Bot_NQ_MomentumApertura_30min_RTH;Long;1;12635,75;12625,50;18/5/2020 11:00:00;18/5/2020 15:30:00;MomLong;KillSwitch;$-210,76;$7778,72;$5,76;$0,00;$0,00;$0,00;$0,00;$470,00;$645,00;$855,76;10;
154;NQ 09-26;Backtest;PROD_Bot_NQ_MomentumApertura_30min_RTH;Long;1;12834,50;12836,50;25/5/2020 11:00:00;25/5/2020 12:00:00;MomLong;Exit on session close;$34,24;$7812,96;$5,76;$0,00;$0,00;$0,00;$0,00;$80,00;$125,00;$90,76;3;
155;NQ 09-26;Backtest;PROD_Bot_NQ_MomentumApertura_30min_RTH;Long;1;12984,75;12967,00;3/6/2020 10:30:00;3/6/2020 12:00:00;MomLong;KillSwitch;$-360,76;$7452,20;$5,76;$0,00;$0,00;$0,00;$0,00;$750,00;$355,00;$715,76;4;
156;NQ 09-26;Backtest;PROD_Bot_NQ_MomentumApertura_30min_RTH;Long;1;13270,25;13254,25;9/6/2020 10:30:00;9/6/2020 11:30:00;MomLong;KillSwitch;$-325,76;$7126,44;$5,76;$0,00;$0,00;$0,00;$0,00;$430,00;$210,00;$535,76;3;
157;NQ 09-26;Backtest;PROD_Bot_NQ_MomentumApertura_30min_RTH;Long;1;13367,00;13357,75;10/6/2020 11:00:00;10/6/2020 11:30:00;MomLong;KillSwitch;$-190,76;$6935,68;$5,76;$0,00;$0,00;$0,00;$0,00;$310,00;$275,00;$465,76;2;
158;NQ 09-26;Backtest;PROD_Bot_NQ_MomentumApertura_30min_RTH;Long;1;13241,25;13232,25;16/6/2020 11:00:00;16/6/2020 15:00:00;MomLong;KillSwitch;$-185,76;$6749,92;$5,76;$0,00;$0,00;$0,00;$0,00;$1080,00;$1070,00;$1255,76;9;
159;NQ 09-26;Backtest;PROD_Bot_NQ_MomentumApertura_30min_RTH;Long;1;13398,25;13374,75;19/6/2020 11:00:00;19/6/2020 11:30:00;MomLong;KillSwitch;$-475,76;$6274,16;$5,76;$0,00;$0,00;$0,00;$0,00;$495,00;$40,00;$515,76;2;
160;NQ 09-26;Backtest;PROD_Bot_NQ_MomentumApertura_30min_RTH;Long;1;13537,00;13530,25;23/6/2020 10:30:00;23/6/2020 15:00:00;MomLong;Trail stop;$-140,76;$6133,40;$5,76;$0,00;$0,00;$0,00;$0,00;$270,00;$1655,00;$1795,76;10;
161;NQ 09-26;Backtest;PROD_Bot_NQ_MomentumApertura_30min_RTH;Long;1;13542,50;13527,75;1/7/2020 10:30:00;1/7/2020 11:00:00;MomLong;KillSwitch;$-300,76;$5832,64;$5,76;$0,00;$0,00;$0,00;$0,00;$345,00;$380,00;$680,76;2;
162;NQ 09-26;Backtest;PROD_Bot_NQ_MomentumApertura_30min_RTH;Long;1;13696,25;13661,75;2/7/2020 10:30:00;2/7/2020 11:00:00;MomLong;KillSwitch;$-695,76;$5136,88;$5,76;$0,00;$0,00;$0,00;$0,00;$875,00;$75,00;$770,76;2;
163;NQ 09-26;Backtest;PROD_Bot_NQ_MomentumApertura_30min_RTH;Long;1;13897,25;13887,50;6/7/2020 10:30:00;6/7/2020 13:30:00;MomLong;KillSwitch;$-200,76;$4936,12;$5,76;$0,00;$0,00;$0,00;$0,00;$510,00;$815,00;$1015,76;7;
164;NQ 09-26;Backtest;PROD_Bot_NQ_MomentumApertura_30min_RTH;Long;1;14351,75;14287,75;13/7/2020 10:30:00;13/7/2020 12:00:00;MomLong;Trail stop;$-1285,76;$3650,36;$5,76;$0,00;$0,00;$0,00;$0,00;$1280,00;$605,00;$1890,76;4;
165;NQ 09-26;Backtest;PROD_Bot_NQ_MomentumApertura_30min_RTH;Long;1;14333,75;14376,00;3/8/2020 10:30:00;3/8/2020 16:00:00;MomLong;CierreContado;$839,24;$4489,60;$5,76;$0,00;$0,00;$0,00;$0,00;$145,00;$1255,00;$415,76;12;
166;NQ 09-26;Backtest;PROD_Bot_NQ_MomentumApertura_30min_RTH;Long;1;14424,75;14414,00;5/8/2020 10:30:00;5/8/2020 11:30:00;MomLong;KillSwitch;$-220,76;$4268,84;$5,76;$0,00;$0,00;$0,00;$0,00;$330,00;$545,00;$765,76;3;
167;NQ 09-26;Backtest;PROD_Bot_NQ_MomentumApertura_30min_RTH;Long;1;14869,50;14815,50;21/8/2020 10:30:00;21/8/2020 11:00:00;MomLong;Trail stop;$-1085,76;$3183,08;$5,76;$0,00;$0,00;$0,00;$0,00;$1080,00;$70,00;$1155,76;2;
168;NQ 09-26;Backtest;PROD_Bot_NQ_MomentumApertura_30min_RTH;Long;1;14988,50;14976,25;25/8/2020 11:00:00;25/8/2020 12:00:00;MomLong;KillSwitch;$-250,76;$2932,32;$5,76;$0,00;$0,00;$0,00;$0,00;$810,00;$60,00;$310,76;3;
169;NQ 09-26;Backtest;PROD_Bot_NQ_MomentumApertura_30min_RTH;Long;1;15162,00;15219,50;26/8/2020 10:30:00;26/8/2020 14:00:00;MomLong;Trail stop;$1144,24;$4076,56;$5,76;$0,00;$0,00;$0,00;$0,00;$75,00;$2555,00;$1410,76;8;
170;NQ 09-26;Backtest;PROD_Bot_NQ_MomentumApertura_30min_RTH;Long;1;15546,25;15650,25;1/9/2020 10:30:00;1/9/2020 16:00:00;MomLong;CierreContado;$2074,24;$6150,80;$5,76;$0,00;$0,00;$0,00;$0,00;$375,00;$2080,00;$5,76;12;
171;NQ 09-26;Backtest;PROD_Bot_NQ_MomentumApertura_30min_RTH;Long;1;14576,00;14723,50;28/9/2020 10:30:00;28/9/2020 16:00:00;MomLong;CierreContado;$2944,24;$9095,04;$5,76;$0,00;$0,00;$0,00;$0,00;$300,00;$3155,00;$210,76;12;
172;NQ 09-26;Backtest;PROD_Bot_NQ_MomentumApertura_30min_RTH;Long;1;14805,50;14794,50;30/9/2020 11:00:00;30/9/2020 12:30:00;MomLong;KillSwitch;$-225,76;$8869,28;$5,76;$0,00;$0,00;$0,00;$0,00;$455,00;$710,00;$935,76;4;
173;NQ 09-26;Backtest;PROD_Bot_NQ_MomentumApertura_30min_RTH;Long;1;14989,25;15066,25;9/10/2020 10:30:00;9/10/2020 16:00:00;MomLong;CierreContado;$1534,24;$10403,52;$5,76;$0,00;$0,00;$0,00;$0,00;$120,00;$1540,00;$5,76;12;
174;NQ 09-26;Backtest;PROD_Bot_NQ_MomentumApertura_30min_RTH;Long;1;15301,75;15437,50;12/10/2020 10:30:00;12/10/2020 14:30:00;MomLong;Trail stop;$2709,24;$13112,76;$5,76;$0,00;$0,00;$0,00;$0,00;$20,00;$4600,00;$1890,76;9;
175;NQ 09-26;Backtest;PROD_Bot_NQ_MomentumApertura_30min_RTH;Long;1;14979,25;15094,50;4/11/2020 10:30:00;4/11/2020 16:00:00;MomLong;CierreContado;$2299,24;$15412,00;$5,76;$0,00;$0,00;$0,00;$0,00;$230,00;$3905,00;$1605,76;12;
176;NQ 09-26;Backtest;PROD_Bot_NQ_MomentumApertura_30min_RTH;Long;1;15564,50;15457,75;9/11/2020 11:00:00;9/11/2020 11:00:00;MomLong;Trail stop;$-2140,76;$13271,24;$5,76;$0,00;$0,00;$0,00;$0,00;$2135,00;$0,00;$2140,76;1;
177;NQ 09-26;Backtest;PROD_Bot_NQ_MomentumApertura_30min_RTH;Long;1;15333,50;15309,25;16/11/2020 11:00:00;16/11/2020 13:00:00;MomLong;KillSwitch;$-490,76;$12780,48;$5,76;$0,00;$0,00;$0,00;$0,00;$735,00;$700,00;$1190,76;5;
178;NQ 09-26;Backtest;PROD_Bot_NQ_MomentumApertura_30min_RTH;Long;1;15530,25;15486,00;26/11/2020 10:30:00;26/11/2020 12:30:00;MomLong;Trail stop;$-890,76;$11889,72;$5,76;$0,00;$0,00;$0,00;$0,00;$885,00;$80,00;$970,76;5;
179;NQ 09-26;Backtest;PROD_Bot_NQ_MomentumApertura_30min_RTH;Long;1;15584,00;15574,75;27/11/2020 10:30:00;27/11/2020 12:30:00;MomLong;Trail stop;$-190,76;$11698,96;$5,76;$0,00;$0,00;$0,00;$0,00;$185,00;$1165,00;$1355,76;5;
180;NQ 09-26;Backtest;PROD_Bot_NQ_MomentumApertura_30min_RTH;Long;1;15725,50;15760,25;1/12/2020 10:30:00;1/12/2020 15:30:00;MomLong;Trail stop;$689,24;$12388,20;$5,76;$0,00;$0,00;$0,00;$0,00;$815,00;$2430,00;$1740,76;11;
181;NQ 09-26;Backtest;PROD_Bot_NQ_MomentumApertura_30min_RTH;Long;1;15873,50;15840,75;14/12/2020 11:00:00;14/12/2020 11:30:00;MomLong;KillSwitch;$-660,76;$11727,44;$5,76;$0,00;$0,00;$0,00;$0,00;$655,00;$110,00;$770,76;2;
182;NQ 09-26;Backtest;PROD_Bot_NQ_MomentumApertura_30min_RTH;Long;1;16076,25;16039,00;17/12/2020 10:30:00;17/12/2020 11:30:00;MomLong;KillSwitch;$-750,76;$10976,68;$5,76;$0,00;$0,00;$0,00;$0,00;$800,00;$90,00;$840,76;3;
183;NQ 09-26;Backtest;PROD_Bot_NQ_MomentumApertura_30min_RTH;Long;1;16500,25;16630,50;20/1/2021 10:30:00;20/1/2021 16:00:00;MomLong;CierreContado;$2599,24;$13575,92;$5,76;$0,00;$0,00;$0,00;$0,00;$25,00;$3135,00;$535,76;12;
184;NQ 09-26;Backtest;PROD_Bot_NQ_MomentumApertura_30min_RTH;Long;1;16874,75;16851,50;25/1/2021 10:30:00;25/1/2021 11:00:00;MomLong;KillSwitch;$-470,76;$13105,16;$5,76;$0,00;$0,00;$0,00;$0,00;$685,00;$230,00;$700,76;2;
185;NQ 09-26;Backtest;PROD_Bot_NQ_MomentumApertura_30min_RTH;Long;1;16999,25;16982,25;8/2/2021 10:30:00;8/2/2021 11:00:00;MomLong;KillSwitch;$-345,76;$12759,40;$5,76;$0,00;$0,00;$0,00;$0,00;$520,00;$585,00;$930,76;2;
186;NQ 09-26;Backtest;PROD_Bot_NQ_MomentumApertura_30min_RTH;Long;1;17050,25;17008,00;9/2/2021 11:00:00;9/2/2021 11:30:00;MomLong;Trail stop;$-850,76;$11908,64;$5,76;$0,00;$0,00;$0,00;$0,00;$845,00;$410,00;$1260,76;2;
187;NQ 09-26;Backtest;PROD_Bot_NQ_MomentumApertura_30min_RTH;Long;1;17192,75;17207,00;15/2/2021 10:30:00;15/2/2021 13:00:00;MomLong;Exit on session close;$279,24;$12187,88;$5,76;$0,00;$0,00;$0,00;$0,00;$95,00;$420,00;$140,76;6;
188;NQ 09-26;Backtest;PROD_Bot_NQ_MomentumApertura_30min_RTH;Long;1;16568,00;16521,25;16/3/2021 10:30:00;16/3/2021 12:30:00;MomLong;Trail stop;$-940,76;$11247,12;$5,76;$0,00;$0,00;$0,00;$0,00;$935,00;$1240,00;$2180,76;5;
189;NQ 09-26;Backtest;PROD_Bot_NQ_MomentumApertura_30min_RTH;Long;1;16418,00;16441,50;31/3/2021 11:00:00;31/3/2021 16:00:00;MomLong;CierreContado;$464,24;$11711,36;$5,76;$0,00;$0,00;$0,00;$0,00;$10,00;$1655,00;$1190,76;11;
190;NQ 09-26;Backtest;PROD_Bot_NQ_MomentumApertura_30min_RTH;Long;1;16635,25;16618,00;1/4/2021 10:30:00;1/4/2021 12:30:00;MomLong;KillSwitch;$-350,76;$11360,60;$5,76;$0,00;$0,00;$0,00;$0,00;$615,00;$580,00;$930,76;5;
191;NQ 09-26;Backtest;PROD_Bot_NQ_MomentumApertura_30min_RTH;Long;1;16819,25;16922,00;5/4/2021 10:30:00;5/4/2021 16:00:00;MomLong;CierreContado;$2049,24;$13409,84;$5,76;$0,00;$0,00;$0,00;$0,00;$390,00;$2770,00;$720,76;12;
192;NQ 09-26;Backtest;PROD_Bot_NQ_MomentumApertura_30min_RTH;Long;1;17093,00;17048,25;8/4/2021 10:30:00;8/4/2021 11:00:00;MomLong;KillSwitch;$-900,76;$12509,08;$5,76;$0,00;$0,00;$0,00;$0,00;$1175,00;$95,00;$995,76;2;
193;NQ 09-26;Backtest;PROD_Bot_NQ_MomentumApertura_30min_RTH;Long;1;17284,75;17267,75;13/4/2021 10:30:00;13/4/2021 11:00:00;MomLong;KillSwitch;$-345,76;$12163,32;$5,76;$0,00;$0,00;$0,00;$0,00;$840,00;$135,00;$480,76;2;
194;NQ 09-26;Backtest;PROD_Bot_NQ_MomentumApertura_30min_RTH;Long;1;17122,00;17086,00;7/5/2021 11:00:00;7/5/2021 13:00:00;MomLong;KillSwitch;$-725,76;$11437,56;$5,76;$0,00;$0,00;$0,00;$0,00;$780,00;$445,00;$1170,76;5;
195;NQ 09-26;Backtest;PROD_Bot_NQ_MomentumApertura_30min_RTH;Long;1;16977,00;16978,75;24/5/2021 11:00:00;24/5/2021 16:00:00;MomLong;CierreContado;$29,24;$11466,80;$5,76;$0,00;$0,00;$0,00;$0,00;$130,00;$1035,00;$1005,76;11;
196;NQ 09-26;Backtest;PROD_Bot_NQ_MomentumApertura_30min_RTH;Long;1;17040,00;17033,50;26/5/2021 11:00:00;26/5/2021 16:00:00;MomLong;CierreContado;$-135,76;$11331,04;$5,76;$0,00;$0,00;$0,00;$0,00;$430,00;$550,00;$685,76;11;
197;NQ 09-26;Backtest;PROD_Bot_NQ_MomentumApertura_30min_RTH;Long;1;17182,75;17169,75;8/6/2021 10:30:00;8/6/2021 11:00:00;MomLong;KillSwitch;$-265,76;$11065,28;$5,76;$0,00;$0,00;$0,00;$0,00;$345,00;$300,00;$565,76;2;
198;NQ 09-26;Backtest;PROD_Bot_NQ_MomentumApertura_30min_RTH;Long;1;17375,50;17352,00;14/6/2021 10:30:00;14/6/2021 11:00:00;MomLong;KillSwitch;$-475,76;$10589,52;$5,76;$0,00;$0,00;$0,00;$0,00;$825,00;$75,00;$550,76;2;
199;NQ 09-26;Backtest;PROD_Bot_NQ_MomentumApertura_30min_RTH;Long;1;17731,00;17709,25;24/6/2021 10:30:00;24/6/2021 13:30:00;MomLong;Trail stop;$-440,76;$10148,76;$5,76;$0,00;$0,00;$0,00;$0,00;$435,00;$895,00;$1335,76;7;
200;NQ 09-26;Backtest;PROD_Bot_NQ_MomentumApertura_30min_RTH;Long;1;17819,00;17866,00;28/6/2021 11:00:00;28/6/2021 16:00:00;MomLong;CierreContado;$934,24;$11083,00;$5,76;$0,00;$0,00;$0,00;$0,00;$205,00;$1055,00;$120,76;11;
201;NQ 09-26;Backtest;PROD_Bot_NQ_MomentumApertura_30min_RTH;Long;1;18001,75;17984,25;2/7/2021 11:00:00;2/7/2021 11:30:00;MomLong;KillSwitch;$-355,76;$10727,24;$5,76;$0,00;$0,00;$0,00;$0,00;$450,00;$10,00;$365,76;2;
202;NQ 09-26;Backtest;PROD_Bot_NQ_MomentumApertura_30min_RTH;Long;1;18107,50;18101,00;6/7/2021 10:30:00;6/7/2021 11:00:00;MomLong;Trail stop;$-135,76;$10591,48;$5,76;$0,00;$0,00;$0,00;$0,00;$130,00;$725,00;$860,76;2;
203;NQ 09-26;Backtest;PROD_Bot_NQ_MomentumApertura_30min_RTH;Long;1;18190,25;18143,25;7/7/2021 10:30:00;7/7/2021 11:00:00;MomLong;KillSwitch;$-945,76;$9645,72;$5,76;$0,00;$0,00;$0,00;$0,00;$1040,00;$195,00;$1140,76;2;
204;NQ 09-26;Backtest;PROD_Bot_NQ_MomentumApertura_30min_RTH;Long;1;18268,25;18293,25;13/7/2021 10:30:00;13/7/2021 13:30:00;MomLong;Trail stop;$494,24;$10139,96;$5,76;$0,00;$0,00;$0,00;$0,00;$10,00;$1605,00;$1110,76;7;
205;NQ 09-26;Backtest;PROD_Bot_NQ_MomentumApertura_30min_RTH;Long;1;18232,50;18207,75;22/7/2021 10:30:00;22/7/2021 12:30:00;MomLong;Trail stop;$-500,76;$9639,20;$5,76;$0,00;$0,00;$0,00;$0,00;$495,00;$890,00;$1390,76;5;
206;NQ 09-26;Backtest;PROD_Bot_NQ_MomentumApertura_30min_RTH;Long;1;18480,00;18518,00;5/8/2021 11:00:00;5/8/2021 16:00:00;MomLong;CierreContado;$754,24;$10393,44;$5,76;$0,00;$0,00;$0,00;$0,00;$225,00;$805,00;$50,76;11;
207;NQ 09-26;Backtest;PROD_Bot_NQ_MomentumApertura_30min_RTH;Long;1;18557,75;18656,00;23/8/2021 10:30:00;23/8/2021 16:00:00;MomLong;CierreContado;$1959,24;$12352,68;$5,76;$0,00;$0,00;$0,00;$0,00;$220,00;$2670,00;$710,76;12;
208;NQ 09-26;Backtest;PROD_Bot_NQ_MomentumApertura_30min_RTH;Long;1;18883,50;18951,00;30/8/2021 10:30:00;30/8/2021 16:00:00;MomLong;CierreContado;$1344,24;$13696,92;$5,76;$0,00;$0,00;$0,00;$0,00;$205,00;$1760,00;$415,76;12;
209;NQ 09-26;Backtest;PROD_Bot_NQ_MomentumApertura_30min_RTH;Long;1;19026,25;18996,75;1/9/2021 11:00:00;1/9/2021 15:30:00;MomLong;KillSwitch;$-595,76;$13101,16;$5,76;$0,00;$0,00;$0,00;$0,00;$870,00;$330,00;$925,76;10;
210;NQ 09-26;Backtest;PROD_Bot_NQ_MomentumApertura_30min_RTH;Long;1;19054,50;19054,50;6/9/2021 11:00:00;6/9/2021 13:00:00;MomLong;Exit on session close;$-5,76;$13095,40;$5,76;$0,00;$0,00;$0,00;$0,00;$145,00;$95,00;$100,76;5;
211;NQ 09-26;Backtest;PROD_Bot_NQ_MomentumApertura_30min_RTH;Long;1;18321,00;18303,75;7/10/2021 10:30:00;7/10/2021 15:00:00;MomLong;KillSwitch;$-350,76;$12744,64;$5,76;$0,00;$0,00;$0,00;$0,00;$430,00;$905,00;$1255,76;10;
212;NQ 09-26;Backtest;PROD_Bot_NQ_MomentumApertura_30min_RTH;Long;1;18310,50;18393,00;14/10/2021 10:30:00;14/10/2021 16:00:00;MomLong;CierreContado;$1644,24;$14388,88;$5,76;$0,00;$0,00;$0,00;$0,00;$150,00;$1985,00;$340,76;12;
213;NQ 09-26;Backtest;PROD_Bot_NQ_MomentumApertura_30min_RTH;Long;1;18724,75;18757,00;19/10/2021 11:00:00;19/10/2021 16:00:00;MomLong;CierreContado;$639,24;$15028,12;$5,76;$0,00;$0,00;$0,00;$0,00;$645,00;$880,00;$240,76;11;
214;NQ 09-26;Backtest;PROD_Bot_NQ_MomentumApertura_30min_RTH;Long;1;19005,25;18980,75;26/10/2021 10:30:00;26/10/2021 12:00:00;MomLong;Trail stop;$-495,76;$14532,36;$5,76;$0,00;$0,00;$0,00;$0,00;$490,00;$1215,00;$1710,76;4;
215;NQ 09-26;Backtest;PROD_Bot_NQ_MomentumApertura_30min_RTH;Long;1;19321,50;19304,00;2/11/2021 10:30:00;2/11/2021 12:30:00;MomLong;KillSwitch;$-355,76;$14176,60;$5,76;$0,00;$0,00;$0,00;$0,00;$1240,00;$475,00;$830,76;5;
216;NQ 09-26;Backtest;PROD_Bot_NQ_MomentumApertura_30min_RTH;Long;1;19611,75;19612,25;4/11/2021 10:30:00;4/11/2021 11:30:00;MomLong;Trail stop;$4,24;$14180,84;$5,76;$0,00;$0,00;$0,00;$0,00;$210,00;$1695,00;$1690,76;3;
217;NQ 09-26;Backtest;PROD_Bot_NQ_MomentumApertura_30min_RTH;Long;1;19978,50;19912,75;19/11/2021 10:30:00;19/11/2021 11:00:00;MomLong;KillSwitch;$-1320,76;$12860,08;$5,76;$0,00;$0,00;$0,00;$0,00;$1315,00;$70,00;$1390,76;2;
218;NQ 09-26;Backtest;PROD_Bot_NQ_MomentumApertura_30min_RTH;Long;1;20087,00;20063,25;22/11/2021 10:30:00;22/11/2021 11:30:00;MomLong;KillSwitch;$-480,76;$12379,32;$5,76;$0,00;$0,00;$0,00;$0,00;$640,00;$910,00;$1390,76;3;
219;NQ 09-26;Backtest;PROD_Bot_NQ_MomentumApertura_30min_RTH;Long;1;19594,00;19662,50;7/12/2021 10:30:00;7/12/2021 16:00:00;MomLong;CierreContado;$1364,24;$13743,56;$5,76;$0,00;$0,00;$0,00;$0,00;$345,00;$2305,00;$940,76;12;
220;NQ 09-26;Backtest;PROD_Bot_NQ_MomentumApertura_30min_RTH;Long;1;19629,50;19678,25;23/12/2021 11:00:00;23/12/2021 16:00:00;MomLong;CierreContado;$969,24;$14712,80;$5,76;$0,00;$0,00;$0,00;$0,00;$380,00;$1490,00;$520,76;11;
221;NQ 09-26;Backtest;PROD_Bot_NQ_MomentumApertura_30min_RTH;Long;1;19801,00;19921,75;27/12/2021 10:30:00;27/12/2021 16:00:00;MomLong;CierreContado;$2409,24;$17122,04;$5,76;$0,00;$0,00;$0,00;$0,00;$150,00;$2415,00;$5,76;12;
222;NQ 09-26;Backtest;PROD_Bot_NQ_MomentumApertura_30min_RTH;Long;1;18266,25;18387,50;9/2/2022 11:00:00;9/2/2022 16:00:00;MomLong;CierreContado;$2419,24;$19541,28;$5,76;$0,00;$0,00;$0,00;$0,00;$190,00;$2455,00;$35,76;11;
223;NQ 09-26;Backtest;PROD_Bot_NQ_MomentumApertura_30min_RTH;Long;1;17090,50;17057,25;16/3/2022 10:30:00;16/3/2022 13:30:00;MomLong;Trail stop;$-670,76;$18870,52;$5,76;$0,00;$0,00;$0,00;$0,00;$665,00;$2890,00;$3560,76;7;
224;NQ 09-26;Backtest;PROD_Bot_NQ_MomentumApertura_30min_RTH;Long;1;17578,25;17767,25;18/3/2022 11:00:00;18/3/2022 16:00:00;MomLong;CierreContado;$3774,24;$22644,76;$5,76;$0,00;$0,00;$0,00;$0,00;$1420,00;$3790,00;$15,76;11;
225;NQ 09-26;Backtest;PROD_Bot_NQ_MomentumApertura_30min_RTH;Long;1;18521,25;18405,00;29/3/2022 10:30:00;29/3/2022 10:30:00;MomLong;Trail stop;$-2330,76;$20314,00;$5,76;$0,00;$0,00;$0,00;$0,00;$2325,00;$0,00;$2330,76;1;
226;NQ 09-26;Backtest;PROD_Bot_NQ_MomentumApertura_30min_RTH;Long;1;15288,50;15456,25;24/6/2022 10:30:00;24/6/2022 16:00:00;MomLong;CierreContado;$3349,24;$23663,24;$5,76;$0,00;$0,00;$0,00;$0,00;$10,00;$3355,00;$5,76;12;
227;NQ 09-26;Backtest;PROD_Bot_NQ_MomentumApertura_30min_RTH;Long;1;15368,75;15476,50;7/7/2022 10:30:00;7/7/2022 16:00:00;MomLong;CierreContado;$2149,24;$25812,48;$5,76;$0,00;$0,00;$0,00;$0,00;$895,00;$2670,00;$520,76;12;
228;NQ 09-26;Backtest;PROD_Bot_NQ_MomentumApertura_30min_RTH;Long;1;15496,75;15459,50;18/7/2022 10:30:00;18/7/2022 11:00:00;MomLong;KillSwitch;$-750,76;$25061,72;$5,76;$0,00;$0,00;$0,00;$0,00;$1175,00;$410,00;$1160,76;2;
229;NQ 09-26;Backtest;PROD_Bot_NQ_MomentumApertura_30min_RTH;Long;1;15837,25;15929,50;9/9/2022 10:30:00;9/9/2022 16:00:00;MomLong;CierreContado;$1839,24;$26900,96;$5,76;$0,00;$0,00;$0,00;$0,00;$310,00;$2035,00;$195,76;12;
230;NQ 09-26;Backtest;PROD_Bot_NQ_MomentumApertura_30min_RTH;Long;1;14874,25;14857,75;4/10/2022 10:30:00;4/10/2022 13:30:00;MomLong;KillSwitch;$-335,76;$26565,20;$5,76;$0,00;$0,00;$0,00;$0,00;$520,00;$1160,00;$1495,76;7;
231;NQ 09-26;Backtest;PROD_Bot_NQ_MomentumApertura_30min_RTH;Long;1;14907,50;14886,50;25/10/2022 10:30:00;25/10/2022 11:30:00;MomLong;KillSwitch;$-425,76;$26139,44;$5,76;$0,00;$0,00;$0,00;$0,00;$885,00;$250,00;$675,76;3;
232;NQ 09-26;Backtest;PROD_Bot_NQ_MomentumApertura_30min_RTH;Long;1;15298,00;15240,50;15/11/2022 11:00:00;15/11/2022 11:30:00;MomLong;KillSwitch;$-1155,76;$24983,68;$5,76;$0,00;$0,00;$0,00;$0,00;$1590,00;$220,00;$1375,76;2;
233;NQ 09-26;Backtest;PROD_Bot_NQ_MomentumApertura_30min_RTH;Long;1;15090,50;15064,00;23/11/2022 10:30:00;23/11/2022 12:00:00;MomLong;Trail stop;$-535,76;$24447,92;$5,76;$0,00;$0,00;$0,00;$0,00;$630,00;$1145,00;$1680,76;4;
234;NQ 09-26;Backtest;PROD_Bot_NQ_MomentumApertura_30min_RTH;Long;1;15404,75;15265,25;13/12/2022 10:30:00;13/12/2022 10:30:00;MomLong;Trail stop;$-2795,76;$21652,16;$5,76;$0,00;$0,00;$0,00;$0,00;$2790,00;$0,00;$2795,76;1;
235;NQ 09-26;Backtest;PROD_Bot_NQ_MomentumApertura_30min_RTH;Long;1;14457,25;14446,75;9/1/2023 10:30:00;9/1/2023 11:00:00;MomLong;KillSwitch;$-215,76;$21436,40;$5,76;$0,00;$0,00;$0,00;$0,00;$625,00;$275,00;$490,76;2;
236;NQ 09-26;Backtest;PROD_Bot_NQ_MomentumApertura_30min_RTH;Long;1;14483,75;14467,25;11/1/2023 10:30:00;11/1/2023 11:30:00;MomLong;KillSwitch;$-335,76;$21100,64;$5,76;$0,00;$0,00;$0,00;$0,00;$490,00;$1020,00;$1355,76;3;
237;NQ 09-26;Backtest;PROD_Bot_NQ_MomentumApertura_30min_RTH;Long;1;14864,25;14778,75;18/1/2023 11:00:00;18/1/2023 11:00:00;MomLong;Trail stop;$-1715,76;$19384,88;$5,76;$0,00;$0,00;$0,00;$0,00;$1710,00;$0,00;$1715,76;1;
238;NQ 09-26;Backtest;PROD_Bot_NQ_MomentumApertura_30min_RTH;Long;1;14947,50;15029,75;23/1/2023 10:30:00;23/1/2023 15:00:00;MomLong;Trail stop;$1639,24;$21024,12;$5,76;$0,00;$0,00;$0,00;$0,00;$195,00;$3630,00;$1990,76;10;
239;NQ 09-26;Backtest;PROD_Bot_NQ_MomentumApertura_30min_RTH;Long;1;15818,75;15905,50;2/2/2023 10:30:00;2/2/2023 15:00:00;MomLong;Trail stop;$1729,24;$22753,36;$5,76;$0,00;$0,00;$0,00;$0,00;$510,00;$5235,00;$3505,76;10;
240;NQ 09-26;Backtest;PROD_Bot_NQ_MomentumApertura_30min_RTH;Long;1;15336,75;15457,75;3/3/2023 10:30:00;3/3/2023 16:00:00;MomLong;CierreContado;$2414,24;$25167,60;$5,76;$0,00;$0,00;$0,00;$0,00;$1195,00;$2610,00;$195,76;12;
241;NQ 09-26;Backtest;PROD_Bot_NQ_MomentumApertura_30min_RTH;Long;1;16789,75;16793,50;18/5/2023 11:00:00;18/5/2023 12:30:00;MomLong;Trail stop;$69,24;$25236,84;$5,76;$0,00;$0,00;$0,00;$0,00;$320,00;$1625,00;$1555,76;4;
242;NQ 09-26;Backtest;PROD_Bot_NQ_MomentumApertura_30min_RTH;Long;1;16902,75;16993,00;25/5/2023 11:00:00;25/5/2023 16:00:00;MomLong;CierreContado;$1799,24;$27036,08;$5,76;$0,00;$0,00;$0,00;$0,00;$385,00;$2885,00;$1085,76;11;
243;NQ 09-26;Backtest;PROD_Bot_NQ_MomentumApertura_30min_RTH;Long;1;17219,00;17350,50;26/5/2023 11:00:00;26/5/2023 16:00:00;MomLong;CierreContado;$2624,24;$29660,32;$5,76;$0,00;$0,00;$0,00;$0,00;$200,00;$3305,00;$680,76;11;
244;NQ 09-26;Backtest;PROD_Bot_NQ_MomentumApertura_30min_RTH;Long;1;17459,75;17441,00;30/5/2023 10:30:00;30/5/2023 11:00:00;MomLong;KillSwitch;$-380,76;$29279,56;$5,76;$0,00;$0,00;$0,00;$0,00;$880,00;$580,00;$960,76;2;
245;NQ 09-26;Backtest;PROD_Bot_NQ_MomentumApertura_30min_RTH;Long;1;17670,25;17607,75;9/6/2023 10:30:00;9/6/2023 11:00:00;MomLong;Trail stop;$-1255,76;$28023,80;$5,76;$0,00;$0,00;$0,00;$0,00;$1250,00;$660,00;$1915,76;2;
246;NQ 09-26;Backtest;PROD_Bot_NQ_MomentumApertura_30min_RTH;Long;1;18193,25;18171,75;30/6/2023 11:00:00;30/6/2023 11:30:00;MomLong;KillSwitch;$-435,76;$27588,04;$5,76;$0,00;$0,00;$0,00;$0,00;$600,00;$305,00;$740,76;2;
247;NQ 09-26;Backtest;PROD_Bot_NQ_MomentumApertura_30min_RTH;Long;1;18302,75;18289,00;12/7/2023 10:30:00;12/7/2023 12:00:00;MomLong;KillSwitch;$-280,76;$27307,28;$5,76;$0,00;$0,00;$0,00;$0,00;$430,00;$885,00;$1165,76;4;
248;NQ 09-26;Backtest;PROD_Bot_NQ_MomentumApertura_30min_RTH;Long;1;18446,00;18400,00;13/7/2023 10:30:00;13/7/2023 11:00:00;MomLong;KillSwitch;$-925,76;$26381,52;$5,76;$0,00;$0,00;$0,00;$0,00;$950,00;$120,00;$1045,76;2;
249;NQ 09-26;Backtest;PROD_Bot_NQ_MomentumApertura_30min_RTH;Long;1;17967,00;18026,25;23/8/2023 11:00:00;23/8/2023 16:00:00;MomLong;CierreContado;$1179,24;$27560,76;$5,76;$0,00;$0,00;$0,00;$0,00;$70,00;$2295,00;$1115,76;11;
250;NQ 09-26;Backtest;PROD_Bot_NQ_MomentumApertura_30min_RTH;Long;1;18131,00;18246,00;29/8/2023 11:00:00;29/8/2023 16:00:00;MomLong;CierreContado;$2294,24;$29855,00;$5,76;$0,00;$0,00;$0,00;$0,00;$55,00;$2745,00;$450,76;11;
251;NQ 09-26;Backtest;PROD_Bot_NQ_MomentumApertura_30min_RTH;Long;1;18406,50;18358,25;31/8/2023 10:30:00;31/8/2023 12:30:00;MomLong;Trail stop;$-970,76;$28884,24;$5,76;$0,00;$0,00;$0,00;$0,00;$965,00;$790,00;$1760,76;5;
252;NQ 09-26;Backtest;PROD_Bot_NQ_MomentumApertura_30min_RTH;Long;1;17557,75;17634,00;2/11/2023 10:30:00;2/11/2023 16:00:00;MomLong;CierreContado;$1519,24;$30403,48;$5,76;$0,00;$0,00;$0,00;$0,00;$925,00;$1845,00;$325,76;12;
253;NQ 09-26;Backtest;PROD_Bot_NQ_MomentumApertura_30min_RTH;Long;1;17940,25;18015,75;7/11/2023 10:30:00;7/11/2023 16:00:00;MomLong;CierreContado;$1504,24;$31907,72;$5,76;$0,00;$0,00;$0,00;$0,00;$510,00;$2280,00;$775,76;12;
254;NQ 09-26;Backtest;PROD_Bot_NQ_MomentumApertura_30min_RTH;Long;1;18504,50;18484,25;14/11/2023 10:30:00;14/11/2023 12:30:00;MomLong;KillSwitch;$-410,76;$31496,96;$5,76;$0,00;$0,00;$0,00;$0,00;$535,00;$810,00;$1220,76;5;
255;NQ 09-26;Backtest;PROD_Bot_NQ_MomentumApertura_30min_RTH;Long;1;19282,00;19226,50;14/12/2023 10:30:00;14/12/2023 11:00:00;MomLong;KillSwitch;$-1115,76;$30381,20;$5,76;$0,00;$0,00;$0,00;$0,00;$1275,00;$20,00;$1135,76;2;
256;NQ 09-26;Backtest;PROD_Bot_NQ_MomentumApertura_30min_RTH;Long;1;20102,25;20135,00;24/1/2024 10:30:00;24/1/2024 14:00:00;MomLong;Trail stop;$649,24;$31030,44;$5,76;$0,00;$0,00;$0,00;$0,00;$640,00;$2470,00;$1820,76;8;
257;NQ 09-26;Backtest;PROD_Bot_NQ_MomentumApertura_30min_RTH;Long;1;20297,75;20265,25;7/2/2024 11:00:00;7/2/2024 11:30:00;MomLong;KillSwitch;$-655,76;$30374,68;$5,76;$0,00;$0,00;$0,00;$0,00;$685,00;$200,00;$855,76;2;
258;NQ 09-26;Backtest;PROD_Bot_NQ_MomentumApertura_30min_RTH;Long;1;20402,50;20472,00;9/2/2024 11:00:00;9/2/2024 16:00:00;MomLong;CierreContado;$1384,24;$31758,92;$5,76;$0,00;$0,00;$0,00;$0,00;$175,00;$2015,00;$630,76;11;
259;NQ 09-26;Backtest;PROD_Bot_NQ_MomentumApertura_30min_RTH;Long;1;20355,00;20485,25;22/2/2024 10:30:00;22/2/2024 16:00:00;MomLong;CierreContado;$2599,24;$34358,16;$5,76;$0,00;$0,00;$0,00;$0,00;$555,00;$3285,00;$685,76;12;
260;NQ 09-26;Backtest;PROD_Bot_NQ_MomentumApertura_30min_RTH;Long;1;20612,75;20772,75;1/3/2024 11:00:00;1/3/2024 16:00:00;MomLong;CierreContado;$3194,24;$37552,40;$5,76;$0,00;$0,00;$0,00;$0,00;$735,00;$3845,00;$650,76;11;
261;NQ 09-26;Backtest;PROD_Bot_NQ_MomentumApertura_30min_RTH;Long;1;20833,25;20802,75;21/3/2024 10:30:00;21/3/2024 14:30:00;MomLong;KillSwitch;$-615,76;$36936,64;$5,76;$0,00;$0,00;$0,00;$0,00;$725,00;$1180,00;$1795,76;9;
262;NQ 09-26;Backtest;PROD_Bot_NQ_MomentumApertura_30min_RTH;Long;1;20186,00;20128,00;3/5/2024 10:30:00;3/5/2024 11:00:00;MomLong;KillSwitch;$-1165,76;$35770,88;$5,76;$0,00;$0,00;$0,00;$0,00;$2150,00;$980,00;$2145,76;2;
263;NQ 09-26;Backtest;PROD_Bot_NQ_MomentumApertura_30min_RTH;Long;1;20668,50;20880,50;15/5/2024 10:30:00;15/5/2024 16:00:00;MomLong;CierreContado;$4234,24;$40005,12;$5,76;$0,00;$0,00;$0,00;$0,00;$35,00;$4465,00;$230,76;12;
264;NQ 09-26;Backtest;PROD_Bot_NQ_MomentumApertura_30min_RTH;Long;1;21039,50;21255,25;5/6/2024 10:30:00;5/6/2024 16:00:00;MomLong;CierreContado;$4309,24;$44314,36;$5,76;$0,00;$0,00;$0,00;$0,00;$1095,00;$4315,00;$5,76;12;
265;NQ 09-26;Backtest;PROD_Bot_NQ_MomentumApertura_30min_RTH;Long;1;21676,25;21650,00;12/6/2024 10:30:00;12/6/2024 16:00:00;MomLong;KillSwitch;$-530,76;$43783,60;$5,76;$0,00;$0,00;$0,00;$0,00;$860,00;$1945,00;$2475,76;12;
266;NQ 09-26;Backtest;PROD_Bot_NQ_MomentumApertura_30min_RTH;Long;1;22140,00;22057,50;28/6/2024 11:00:00;28/6/2024 11:00:00;MomLong;Trail stop;$-1655,76;$42127,84;$5,76;$0,00;$0,00;$0,00;$0,00;$1650,00;$0,00;$1655,76;1;
267;NQ 09-26;Backtest;PROD_Bot_NQ_MomentumApertura_30min_RTH;Long;1;22439,00;22555,00;5/7/2024 10:30:00;5/7/2024 16:00:00;MomLong;CierreContado;$2314,24;$44442,08;$5,76;$0,00;$0,00;$0,00;$0,00;$1055,00;$2470,00;$155,76;12;
268;NQ 09-26;Backtest;PROD_Bot_NQ_MomentumApertura_30min_RTH;Long;1;22674,00;22627,75;9/7/2024 10:30:00;9/7/2024 11:00:00;MomLong;KillSwitch;$-930,76;$43511,32;$5,76;$0,00;$0,00;$0,00;$0,00;$1135,00;$435,00;$1365,76;2;
269;NQ 09-26;Backtest;PROD_Bot_NQ_MomentumApertura_30min_RTH;Long;1;22696,50;22653,00;10/7/2024 11:00:00;10/7/2024 11:30:00;MomLong;KillSwitch;$-875,76;$42635,56;$5,76;$0,00;$0,00;$0,00;$0,00;$975,00;$35,00;$910,76;2;
270;NQ 09-26;Backtest;PROD_Bot_NQ_MomentumApertura_30min_RTH;Long;1;20829,75;21024,50;13/8/2024 11:00:00;13/8/2024 16:00:00;MomLong;CierreContado;$3889,24;$46524,80;$5,76;$0,00;$0,00;$0,00;$0,00;$995,00;$3895,00;$5,76;11;
271;NQ 09-26;Backtest;PROD_Bot_NQ_MomentumApertura_30min_RTH;Long;1;21385,75;21483,00;15/8/2024 10:30:00;15/8/2024 16:00:00;MomLong;CierreContado;$1939,24;$48464,04;$5,76;$0,00;$0,00;$0,00;$0,00;$1125,00;$2605,00;$665,76;12;
272;NQ 09-26;Backtest;PROD_Bot_NQ_MomentumApertura_30min_RTH;Long;1;21843,00;21742,00;20/8/2024 10:30:00;20/8/2024 10:30:00;MomLong;Trail stop;$-2025,76;$46438,28;$5,76;$0,00;$0,00;$0,00;$0,00;$2020,00;$0,00;$2025,76;1;
273;NQ 09-26;Backtest;PROD_Bot_NQ_MomentumApertura_30min_RTH;Long;1;22117,50;22034,25;26/9/2024 10:30:00;26/9/2024 11:00:00;MomLong;KillSwitch;$-1670,76;$44767,52;$5,76;$0,00;$0,00;$0,00;$0,00;$1805,00;$170,00;$1840,76;2;
274;NQ 09-26;Backtest;PROD_Bot_NQ_MomentumApertura_30min_RTH;Long;1;22338,75;22308,75;25/10/2024 10:30:00;25/10/2024 12:30:00;MomLong;KillSwitch;$-605,76;$44161,76;$5,76;$0,00;$0,00;$0,00;$0,00;$930,00;$1150,00;$1755,76;5;
275;NQ 09-26;Backtest;PROD_Bot_NQ_MomentumApertura_30min_RTH;Long;1;22365,00;22576,50;6/11/2024 10:30:00;6/11/2024 16:00:00;MomLong;CierreContado;$4224,24;$48386,00;$5,76;$0,00;$0,00;$0,00;$0,00;$210,00;$4840,00;$615,76;12;
276;NQ 09-26;Backtest;PROD_Bot_NQ_MomentumApertura_30min_RTH;Long;1;22841,75;22908,50;2/12/2024 10:30:00;2/12/2024 16:00:00;MomLong;CierreContado;$1329,24;$49715,24;$5,76;$0,00;$0,00;$0,00;$0,00;$235,00;$2140,00;$810,76;12;
277;NQ 09-26;Backtest;PROD_Bot_NQ_MomentumApertura_30min_RTH;Long;1;23106,00;23229,75;4/12/2024 10:30:00;4/12/2024 16:00:00;MomLong;CierreContado;$2469,24;$52184,48;$5,76;$0,00;$0,00;$0,00;$0,00;$510,00;$2475,00;$5,76;12;
278;NQ 09-26;Backtest;PROD_Bot_NQ_MomentumApertura_30min_RTH;Long;1;23323,25;23303,75;6/12/2024 11:00:00;6/12/2024 12:30:00;MomLong;KillSwitch;$-395,76;$51788,72;$5,76;$0,00;$0,00;$0,00;$0,00;$1225,00;$115,00;$510,76;4;
279;NQ 09-26;Backtest;PROD_Bot_NQ_MomentumApertura_30min_RTH;Long;1;23693,00;23804,75;16/12/2024 11:00:00;16/12/2024 16:00:00;MomLong;CierreContado;$2229,24;$54017,96;$5,76;$0,00;$0,00;$0,00;$0,00;$250,00;$3200,00;$970,76;11;
280;NQ 09-26;Backtest;PROD_Bot_NQ_MomentumApertura_30min_RTH;Long;1;23221,75;23197,50;6/1/2025 10:30:00;6/1/2025 13:30:00;MomLong;KillSwitch;$-490,76;$53527,20;$5,76;$0,00;$0,00;$0,00;$0,00;$1000,00;$1560,00;$2050,76;7;
281;NQ 09-26;Backtest;PROD_Bot_NQ_MomentumApertura_30min_RTH;Long;1;22795,00;22722,25;15/1/2025 11:00:00;15/1/2025 11:30:00;MomLong;KillSwitch;$-1460,76;$52066,44;$5,76;$0,00;$0,00;$0,00;$0,00;$1470,00;$175,00;$1635,76;2;
282;NQ 09-26;Backtest;PROD_Bot_NQ_MomentumApertura_30min_RTH;Long;1;23417,25;23397,00;22/1/2025 10:30:00;22/1/2025 11:30:00;MomLong;KillSwitch;$-410,76;$51655,68;$5,76;$0,00;$0,00;$0,00;$0,00;$765,00;$570,00;$980,76;3;
283;NQ 09-26;Backtest;PROD_Bot_NQ_MomentumApertura_30min_RTH;Long;1;23377,25;23325,50;13/2/2025 11:00:00;13/2/2025 13:30:00;MomLong;Trail stop;$-1040,76;$50614,92;$5,76;$0,00;$0,00;$0,00;$0,00;$1035,00;$1670,00;$2710,76;6;
284;NQ 09-26;Backtest;PROD_Bot_NQ_MomentumApertura_30min_RTH;Long;1;21515,50;21585,75;24/3/2025 10:30:00;24/3/2025 16:00:00;MomLong;CierreContado;$1399,24;$52014,16;$5,76;$0,00;$0,00;$0,00;$0,00;$825,00;$1510,00;$110,76;12;
285;NQ 09-26;Backtest;PROD_Bot_NQ_MomentumApertura_30min_RTH;Long;1;20274,25;20114,25;23/4/2025 10:30:00;23/4/2025 12:00:00;MomLong;KillSwitch;$-3205,76;$48808,40;$5,76;$0,00;$0,00;$0,00;$0,00;$3875,00;$1815,00;$5020,76;4;
286;NQ 09-26;Backtest;PROD_Bot_NQ_MomentumApertura_30min_RTH;Long;1;21199,00;21162,00;1/5/2025 11:00:00;1/5/2025 12:30:00;MomLong;KillSwitch;$-745,76;$48062,64;$5,76;$0,00;$0,00;$0,00;$0,00;$1330,00;$2525,00;$3270,76;4;
287;NQ 09-26;Backtest;PROD_Bot_NQ_MomentumApertura_30min_RTH;Long;1;21941,75;22135,50;12/5/2025 11:00:00;12/5/2025 16:00:00;MomLong;CierreContado;$3869,24;$51931,88;$5,76;$0,00;$0,00;$0,00;$0,00;$1045,00;$4025,00;$155,76;11;
288;NQ 09-26;Backtest;PROD_Bot_NQ_MomentumApertura_30min_RTH;Long;1;23238,75;23218,25;11/6/2025 11:00:00;11/6/2025 12:00:00;MomLong;KillSwitch;$-415,76;$51516,12;$5,76;$0,00;$0,00;$0,00;$0,00;$1060,00;$540,00;$955,76;3;
289;NQ 09-26;Backtest;PROD_Bot_NQ_MomentumApertura_30min_RTH;Long;1;23277,50;23402,25;24/6/2025 10:30:00;24/6/2025 16:00:00;MomLong;CierreContado;$2489,24;$54005,36;$5,76;$0,00;$0,00;$0,00;$0,00;$530,00;$3115,00;$625,76;12;
290;NQ 09-26;Backtest;PROD_Bot_NQ_MomentumApertura_30min_RTH;Long;1;23529,25;23668,50;26/6/2025 10:30:00;26/6/2025 16:00:00;MomLong;CierreContado;$2779,24;$56784,60;$5,76;$0,00;$0,00;$0,00;$0,00;$140,00;$2855,00;$75,76;12;
291;NQ 09-26;Backtest;PROD_Bot_NQ_MomentumApertura_30min_RTH;Long;1;23981,50;24043,50;3/7/2025 10:30:00;3/7/2025 13:15:00;MomLong;Exit on session close;$1234,24;$58018,84;$5,76;$0,00;$0,00;$0,00;$0,00;$70,00;$2120,00;$885,76;7;
292;NQ 09-26;Backtest;PROD_Bot_NQ_MomentumApertura_30min_RTH;Long;1;24164,25;24084,75;15/7/2025 11:00:00;15/7/2025 11:30:00;MomLong;KillSwitch;$-1595,76;$56423,08;$5,76;$0,00;$0,00;$0,00;$0,00;$1665,00;$125,00;$1720,76;2;
293;NQ 09-26;Backtest;PROD_Bot_NQ_MomentumApertura_30min_RTH;Long;1;24402,50;24382,00;21/7/2025 11:00:00;21/7/2025 11:30:00;MomLong;KillSwitch;$-415,76;$56007,32;$5,76;$0,00;$0,00;$0,00;$0,00;$615,00;$145,00;$560,76;2;
294;NQ 09-26;Backtest;PROD_Bot_NQ_MomentumApertura_30min_RTH;Long;1;24506,50;24487,75;28/7/2025 10:30:00;28/7/2025 11:00:00;MomLong;KillSwitch;$-380,76;$55626,56;$5,76;$0,00;$0,00;$0,00;$0,00;$960,00;$150,00;$530,76;2;
295;NQ 09-26;Backtest;PROD_Bot_NQ_MomentumApertura_30min_RTH;Long;1;24574,00;24543,50;29/7/2025 10:30:00;29/7/2025 11:00:00;MomLong;KillSwitch;$-615,76;$55010,80;$5,76;$0,00;$0,00;$0,00;$0,00;$1005,00;$90,00;$705,76;2;
296;NQ 09-26;Backtest;PROD_Bot_NQ_MomentumApertura_30min_RTH;Long;1;24639,50;24559,50;7/8/2025 10:30:00;7/8/2025 11:00:00;MomLong;KillSwitch;$-1605,76;$53405,04;$5,76;$0,00;$0,00;$0,00;$0,00;$2240,00;$330,00;$1935,76;2;
297;NQ 09-26;Backtest;PROD_Bot_NQ_MomentumApertura_30min_RTH;Long;1;24661,50;24636,75;8/8/2025 11:00:00;8/8/2025 11:30:00;MomLong;KillSwitch;$-500,76;$52904,28;$5,76;$0,00;$0,00;$0,00;$0,00;$630,00;$530,00;$1030,76;2;
298;NQ 09-26;Backtest;PROD_Bot_NQ_MomentumApertura_30min_RTH;Long;1;24838,50;24716,50;5/9/2025 10:30:00;5/9/2025 10:30:00;MomLong;Trail stop;$-2445,76;$50458,52;$5,76;$0,00;$0,00;$0,00;$0,00;$2440,00;$0,00;$2445,76;1;
299;NQ 09-26;Backtest;PROD_Bot_NQ_MomentumApertura_30min_RTH;Long;1;24848,00;24815,75;8/9/2025 11:00:00;8/9/2025 13:00:00;MomLong;KillSwitch;$-650,76;$49807,76;$5,76;$0,00;$0,00;$0,00;$0,00;$845,00;$500,00;$1150,76;5;
300;NQ 09-26;Backtest;PROD_Bot_NQ_MomentumApertura_30min_RTH;Long;1;24916,25;24886,25;10/9/2025 10:30:00;10/9/2025 13:00:00;MomLong;Trail stop;$-605,76;$49202,00;$5,76;$0,00;$0,00;$0,00;$0,00;$600,00;$1195,00;$1800,76;6;
301;NQ 09-26;Backtest;PROD_Bot_NQ_MomentumApertura_30min_RTH;Long;1;25250,50;25292,50;15/9/2025 10:30:00;15/9/2025 16:00:00;MomLong;CierreContado;$834,24;$50036,24;$5,76;$0,00;$0,00;$0,00;$0,00;$610,00;$840,00;$5,76;12;
302;NQ 09-26;Backtest;PROD_Bot_NQ_MomentumApertura_30min_RTH;Long;1;25534,50;25481,75;18/9/2025 11:00:00;18/9/2025 11:30:00;MomLong;KillSwitch;$-1060,76;$48975,48;$5,76;$0,00;$0,00;$0,00;$0,00;$1105,00;$445,00;$1505,76;2;
303;NQ 09-26;Backtest;PROD_Bot_NQ_MomentumApertura_30min_RTH;Long;1;25705,00;25676,25;29/9/2025 11:00:00;29/9/2025 11:30:00;MomLong;KillSwitch;$-580,76;$48394,72;$5,76;$0,00;$0,00;$0,00;$0,00;$700,00;$70,00;$650,76;2;
304;NQ 09-26;Backtest;PROD_Bot_NQ_MomentumApertura_30min_RTH;Long;1;26029,75;26059,25;20/10/2025 11:00:00;20/10/2025 16:00:00;MomLong;CierreContado;$584,24;$48978,96;$5,76;$0,00;$0,00;$0,00;$0,00;$330,00;$1445,00;$860,76;11;
305;NQ 09-26;Backtest;PROD_Bot_NQ_MomentumApertura_30min_RTH;Long;1;26254,00;26214,75;24/10/2025 10:30:00;24/10/2025 11:30:00;MomLong;KillSwitch;$-790,76;$48188,20;$5,76;$0,00;$0,00;$0,00;$0,00;$1500,00;$845,00;$1635,76;3;
306;NQ 09-26;Backtest;PROD_Bot_NQ_MomentumApertura_30min_RTH;Long;1;26597,00;26719,75;27/10/2025 10:30:00;27/10/2025 16:00:00;MomLong;CierreContado;$2449,24;$50637,44;$5,76;$0,00;$0,00;$0,00;$0,00;$530,00;$2455,00;$5,76;12;
307;NQ 09-26;Backtest;PROD_Bot_NQ_MomentumApertura_30min_RTH;Long;1;27067,00;27045,25;29/10/2025 10:30:00;29/10/2025 11:00:00;MomLong;KillSwitch;$-440,76;$50196,68;$5,76;$0,00;$0,00;$0,00;$0,00;$1085,00;$140,00;$580,76;2;
308;NQ 09-26;Backtest;PROD_Bot_NQ_MomentumApertura_30min_RTH;Long;1;26006,50;25909,75;20/11/2025 11:00:00;20/11/2025 11:30:00;MomLong;KillSwitch;$-1940,76;$48255,92;$5,76;$0,00;$0,00;$0,00;$0,00;$2030,00;$1020,00;$2960,76;2;
309;NQ 09-26;Backtest;PROD_Bot_NQ_MomentumApertura_30min_RTH;Long;1;25915,00;26059,00;26/11/2025 10:30:00;26/11/2025 16:00:00;MomLong;CierreContado;$2874,24;$51130,16;$5,76;$0,00;$0,00;$0,00;$0,00;$675,00;$4170,00;$1295,76;12;
310;NQ 09-26;Backtest;PROD_Bot_NQ_MomentumApertura_30min_RTH;Long;1;26118,50;26231,50;28/11/2025 10:30:00;28/11/2025 13:15:00;MomLong;Exit on session close;$2254,24;$53384,40;$5,76;$0,00;$0,00;$0,00;$0,00;$375,00;$2575,00;$320,76;7;
311;NQ 09-26;Backtest;PROD_Bot_NQ_MomentumApertura_30min_RTH;Long;1;26584,75;26467,25;5/12/2025 11:00:00;5/12/2025 11:00:00;MomLong;Trail stop;$-2355,76;$51028,64;$5,76;$0,00;$0,00;$0,00;$0,00;$2350,00;$0,00;$2355,76;1;
312;NQ 09-26;Backtest;PROD_Bot_NQ_MomentumApertura_30min_RTH;Long;1;26544,00;26566,25;27/1/2026 10:30:00;27/1/2026 16:00:00;MomLong;CierreContado;$439,24;$51467,88;$5,76;$0,00;$0,00;$0,00;$0,00;$630,00;$1225,00;$785,76;12;
313;NQ 09-26;Backtest;PROD_Bot_NQ_MomentumApertura_30min_RTH;Long;1;26744,50;26711,00;28/1/2026 10:30:00;28/1/2026 11:00:00;MomLong;KillSwitch;$-675,76;$50792,12;$5,76;$0,00;$0,00;$0,00;$0,00;$970,00;$240,00;$915,76;2;
314;NQ 09-26;Backtest;PROD_Bot_NQ_MomentumApertura_30min_RTH;Long;1;25834,50;25785,75;25/2/2026 10:30:00;25/2/2026 11:30:00;MomLong;KillSwitch;$-980,76;$49811,36;$5,76;$0,00;$0,00;$0,00;$0,00;$1580,00;$365,00;$1345,76;3;
315;NQ 09-26;Backtest;PROD_Bot_NQ_MomentumApertura_30min_RTH;Long;1;25363,50;25337,50;8/4/2026 10:30:00;8/4/2026 11:00:00;MomLong;KillSwitch;$-525,76;$49285,60;$5,76;$0,00;$0,00;$0,00;$0,00;$775,00;$475,00;$1000,76;2;
316;NQ 09-26;Backtest;PROD_Bot_NQ_MomentumApertura_30min_RTH;Long;1;26004,25;26275,00;14/4/2026 10:30:00;14/4/2026 16:00:00;MomLong;CierreContado;$5409,24;$54694,84;$5,76;$0,00;$0,00;$0,00;$0,00;$200,00;$5415,00;$5,76;12;
317;NQ 09-26;Backtest;PROD_Bot_NQ_MomentumApertura_30min_RTH;Long;1;27014,50;27107,50;17/4/2026 10:30:00;17/4/2026 16:00:00;MomLong;CierreContado;$1854,24;$56549,08;$5,76;$0,00;$0,00;$0,00;$0,00;$355,00;$3050,00;$1195,76;12;
318;NQ 09-26;Backtest;PROD_Bot_NQ_MomentumApertura_30min_RTH;Long;1;28156,25;28097,00;1/5/2026 10:30:00;1/5/2026 11:30:00;MomLong;KillSwitch;$-1190,76;$55358,32;$5,76;$0,00;$0,00;$0,00;$0,00;$2460,00;$705,00;$1895,76;3;
319;NQ 09-26;Backtest;PROD_Bot_NQ_MomentumApertura_30min_RTH;Long;1;28402,25;28377,50;5/5/2026 11:00:00;5/5/2026 11:30:00;MomLong;KillSwitch;$-500,76;$54857,56;$5,76;$0,00;$0,00;$0,00;$0,00;$850,00;$385,00;$885,76;2;
320;NQ 09-26;Backtest;PROD_Bot_NQ_MomentumApertura_30min_RTH;Long;1;28751,00;28702,00;6/5/2026 10:30:00;6/5/2026 11:00:00;MomLong;KillSwitch;$-985,76;$53871,80;$5,76;$0,00;$0,00;$0,00;$0,00;$1675,00;$615,00;$1600,76;2;
321;NQ 09-26;Backtest;PROD_Bot_NQ_MomentumApertura_30min_RTH;Long;1;29393,75;29613,50;8/5/2026 11:00:00;8/5/2026 16:00:00;MomLong;CierreContado;$4389,24;$58261,04;$5,76;$0,00;$0,00;$0,00;$0,00;$760,00;$4395,00;$5,76;11;
322;NQ 09-26;Backtest;PROD_Bot_NQ_MomentumApertura_30min_RTH;Long;1;29923,25;29846,00;22/5/2026 10:30:00;22/5/2026 11:00:00;MomLong;KillSwitch;$-1550,76;$56710,28;$5,76;$0,00;$0,00;$0,00;$0,00;$3015,00;$20,00;$1570,76;2;
323;NQ 09-26;Backtest;PROD_Bot_NQ_MomentumApertura_30min_RTH;Long;1;30225,75;30204,75;25/5/2026 11:00:00;25/5/2026 12:30:00;MomLong;KillSwitch;$-425,76;$56284,52;$5,76;$0,00;$0,00;$0,00;$0,00;$670,00;$945,00;$1370,76;4;
324;NQ 09-26;Backtest;PROD_Bot_NQ_MomentumApertura_30min_RTH;Long;1;30800,75;30661,25;29/5/2026 10:30:00;29/5/2026 10:30:00;MomLong;Trail stop;$-2795,76;$53488,76;$5,76;$0,00;$0,00;$0,00;$0,00;$2790,00;$0,00;$2795,76;1;
325;NQ 09-26;Backtest;PROD_Bot_NQ_MomentumApertura_30min_RTH;Long;1;30704,25;30840,75;15/6/2026 10:30:00;15/6/2026 16:00:00;MomLong;CierreContado;$2724,24;$56213,00;$5,76;$0,00;$0,00;$0,00;$0,00;$660,00;$4215,00;$1490,76;12;
326;NQ 09-26;Backtest;PROD_Bot_NQ_MomentumApertura_30min_RTH;Long;1;29465,75;29875,00;4/8/2026 10:30:00;4/8/2026 16:00:00;MomLong;CierreContado;$8179,24;$64392,24;$5,76;$0,00;$0,00;$0,00;$0,00;$675,00;$9590,00;$1410,76;12;
327;NQ 09-26;Backtest;PROD_Bot_NQ_MomentumApertura_30min_RTH;Long;1;30233,75;30198,75;13/8/2026 11:00:00;13/8/2026 11:30:00;MomLong;KillSwitch;$-705,76;$63686,48;$5,76;$0,00;$0,00;$0,00;$0,00;$710,00;$675,00;$1380,76;2;
