variante,agente,capas,ticker,fecha_entrada,fecha_salida,precio_entrada,precio_salida,retorno,motivo_salida,score_entrada,criterio_pe_historico,criterio_pe_proyectado,criterio_deuda_capital,criterio_crecimiento_eps,criterio_peg,criterio_market_cap
Peter · solo Lynch,Peter,lynch,IBM,2024-04-30,2024-05-31,166.1999969482422,166.85000610351562,0.012863132695498658,senal,6,1,1,1,1,1,1
Peter · solo Lynch,Peter,lynch,LOW,2024-04-30,2024-05-31,227.99000549316406,221.2899932861328,-0.030357561968276103,senal,6,1,1,1,1,1,1
Peter · solo Lynch,Peter,lynch,ABNB,2024-04-30,2024-05-31,158.57000732421875,144.92999267578125,-0.08693263399067586,senal,6,1,1,1,1,1,1
Peter · solo Lynch,Peter,lynch,LEA,2024-04-30,2024-05-31,125.87000274658203,125.3499984741211,-0.005127040872943911,senal,6,1,1,1,1,1,1
Peter · solo Lynch,Peter,lynch,MDLZ,2024-04-30,2024-05-31,71.94000244140625,68.52999877929688,-0.04835318369358044,senal,6,1,1,1,1,1,1
Peter · solo Lynch,Peter,lynch,JNJ,2024-04-30,2024-05-31,144.58999633789062,146.6699981689453,0.0215630159638196,senal,6,1,1,1,1,1,1
Peter · solo Lynch,Peter,lynch,BMY,2024-04-30,2024-05-31,43.939998626708984,41.09000015258789,-0.06579599396647828,senal,6,1,1,1,1,1,1
Peter · solo Lynch,Peter,lynch,GILD,2024-04-30,2024-05-31,65.19999694824219,64.2699966430664,-0.015249226087897472,senal,6,1,1,1,1,1,1
Peter · solo Lynch,Peter,lynch,CNC,2024-04-30,2024-05-31,73.05999755859375,71.58999633789062,-0.021100100890444007,senal,6,1,1,1,1,1,1
Peter · solo Lynch,Peter,lynch,MOH,2024-04-30,2024-05-31,342.1000061035156,314.5799865722656,-0.08136369592581405,senal,6,1,1,1,1,1,1
Peter · solo Lynch,Peter,lynch,WTFC,2024-04-30,2024-05-31,96.63999938964844,98.61000061035156,0.02393913923627866,senal,6,1,1,1,1,1,1
Peter · solo Lynch,Peter,lynch,CAT,2024-04-30,2024-05-31,334.57000732421875,338.5199890136719,0.010794672105037373,senal,6,1,1,1,1,1,1
Peter · solo Lynch,Peter,lynch,EMR,2024-04-30,2024-05-31,107.77999877929688,112.16000366210938,0.044373357038647754,senal,6,1,1,1,1,1,1
Peter · solo Lynch,Peter,lynch,AOS,2024-04-30,2024-05-31,82.83999633789062,83.63999938964844,0.008647650741853363,senal,6,1,1,1,1,1,1
Peter · solo Lynch,Peter,lynch,HII,2024-04-30,2024-05-31,276.92999267578125,253.10000610351562,-0.08221499513117714,senal,6,1,1,1,1,1,1
Peter · solo Lynch,Peter,lynch,SLB,2024-04-30,2024-05-31,47.47999954223633,45.88999938964844,-0.0344540719415255,senal,6,1,1,1,1,1,1
Peter · solo Lynch,Peter,lynch,HAL,2024-04-30,2024-05-31,37.470001220703125,36.70000076293945,-0.021529136332464338,senal,6,1,1,1,1,1,1
Peter · solo Lynch,Peter,lynch,NOV,2024-04-30,2024-05-31,18.489999771118164,18.81999969482422,0.016829683499095083,senal,6,1,1,1,1,1,1
Peter · solo Lynch,Peter,lynch,APTV,2024-04-30,2024-06-28,71,70.41999816894531,-0.009160622876395408,senal,6,1,1,1,1,1,1
Peter · solo Lynch,Peter,lynch,SAIC,2024-04-30,2024-06-28,128.6999969482422,117.55000305175781,-0.08754866478234113,senal,6,1,1,1,1,1,1
Peter · solo Lynch,Peter,lynch,FSLR,2024-04-30,2024-06-28,176.3000030517578,225.4600067138672,0.27756437421065216,senal,6,1,1,1,1,1,1
Peter · solo Lynch,Peter,lynch,LOW,2024-05-31,2024-06-28,221.2899932861328,220.4600067138672,-0.004746804091113055,senal,6,1,1,1,1,1,1
Peter · solo Lynch,Peter,lynch,LEA,2024-05-31,2024-06-28,125.3499984741211,114.20999908447266,-0.0840662228488187,senal,6,1,1,1,1,1,1
Peter · solo Lynch,Peter,lynch,JNJ,2024-05-31,2024-06-28,146.6699981689453,146.16000366210938,-0.004473502082325775,senal,6,1,1,1,1,1,1
Peter · solo Lynch,Peter,lynch,MOH,2024-05-31,2024-06-28,314.5799865722656,297.29998779296875,-0.055875215183325055,senal,6,1,1,1,1,1,1
Peter · solo Lynch,Peter,lynch,CBOE,2024-05-31,2024-06-28,172.99000549316406,170.05999755859375,-0.017920256198114326,senal,6,1,1,1,1,1,1
Peter · solo Lynch,Peter,lynch,CAT,2024-05-31,2024-06-28,338.5199890136719,333.1000061035156,-0.016994389782026054,senal,6,1,1,1,1,1,1
Peter · solo Lynch,Peter,lynch,ROK,2024-05-31,2024-06-28,257.5299987792969,275.2799987792969,0.06785536063259001,senal,6,1,1,1,1,1,1
Peter · solo Lynch,Peter,lynch,AOS,2024-05-31,2024-06-28,83.63999938964844,81.77999877929688,-0.023215654758326765,senal,6,1,1,1,1,1,1
Peter · solo Lynch,Peter,lynch,HII,2024-05-31,2024-06-28,253.10000610351562,246.3300018310547,-0.027721402899041347,senal,6,1,1,1,1,1,1
Peter · solo Lynch,Peter,lynch,HAL,2024-05-31,2024-06-28,36.70000076293945,33.779998779296875,-0.07584577535194581,senal,6,1,1,1,1,1,1
Peter · solo Lynch,Peter,lynch,TGT,2024-04-30,2024-07-31,160.97999572753906,150.41000366210938,-0.06016914967989673,senal,6,1,1,1,1,1,1
Peter · solo Lynch,Peter,lynch,WFC,2024-04-30,2024-07-31,59.31999969482422,59.34000015258789,0.005082295388986413,senal,6,1,1,1,1,1,1
Peter · solo Lynch,Peter,lynch,GE,2024-04-30,2024-07-31,161.82000732421875,170.1999969482422,0.05251280768789801,senal,6,1,1,1,1,1,1
Peter · solo Lynch,Peter,lynch,LMT,2024-04-30,2024-07-31,464.92999267578125,541.9199829101562,0.17228066464603353,senal,6,1,1,1,1,1,1
Peter · solo Lynch,Peter,lynch,PDD,2024-04-30,2024-07-31,125.18000030517578,128.88999938964844,0.02860793496447056,senal,6,1,1,1,1,1,1
Peter · solo Lynch,Peter,lynch,ABNB,2024-05-31,2024-07-31,144.92999267578125,139.55999755859375,-0.03801504521615395,senal,6,1,1,1,1,1,1
Peter · solo Lynch,Peter,lynch,HPE,2024-06-28,2024-07-31,21.170000076293945,19.90999984741211,-0.060458407569818906,senal,6,1,1,1,1,1,1
Peter · solo Lynch,Peter,lynch,LOW,2024-06-28,2024-07-31,220.4600067138672,245.50999450683594,0.11790721923826486,senal,6,1,1,1,1,1,1
Peter · solo Lynch,Peter,lynch,APTV,2024-06-28,2024-07-31,70.41999816894531,69.38999938964844,-0.015611636747691393,senal,6,1,1,1,1,1,1
Peter · solo Lynch,Peter,lynch,CBOE,2024-06-28,2024-07-31,170.05999755859375,183.50999450683594,0.07801102444745522,senal,6,1,1,1,1,1,1
Peter · solo Lynch,Peter,lynch,CAT,2024-06-28,2024-07-31,333.1000061035156,346.20001220703125,0.042516770265050186,senal,6,1,1,1,1,1,1
Peter · solo Lynch,Peter,lynch,AOS,2024-06-28,2024-07-31,81.77999877929688,85.04000091552734,0.04272853178157443,senal,6,1,1,1,1,1,1
Peter · solo Lynch,Peter,lynch,EXPE,2024-05-31,2024-08-30,112.86000061035156,139.08999633789062,0.231179632099223,senal,6,1,1,1,1,1,1
Peter · solo Lynch,Peter,lynch,EMR,2024-05-31,2024-08-30,112.16000366210938,105.38999938964844,-0.05655038555425318,senal,6,1,1,1,1,1,1
Peter · solo Lynch,Peter,lynch,SLB,2024-05-31,2024-08-30,45.88999938964844,43.9900016784668,-0.036256356958453084,senal,6,1,1,1,1,1,1
Peter · solo Lynch,Peter,lynch,NOV,2024-05-31,2024-08-30,18.81999969482422,17.770000457763672,-0.05276663650194713,senal,6,1,1,1,1,1,1
Peter · solo Lynch,Peter,lynch,HAL,2024-06-28,2024-08-30,33.779998779296875,31.09000015258789,-0.08055304162987476,senal,6,1,1,1,1,1,1
Peter · solo Lynch,Peter,lynch,ABNB,2024-07-31,2024-08-30,139.55999755859375,117.30999755859375,-0.16026999900647299,senal,6,1,1,1,1,1,1
Peter · solo Lynch,Peter,lynch,PDD,2024-07-31,2024-08-30,128.88999938964844,96.11000061035156,-0.25507087367592496,senal,6,1,1,1,1,1,1
Peter · solo Lynch,Peter,lynch,JPM,2024-04-30,2024-09-30,191.74000549316406,210.86000061035156,0.10470665612161256,senal,6,1,1,1,1,1,1
Peter · solo Lynch,Peter,lynch,KDP,2024-04-30,2024-09-30,33.70000076293945,37.47999954223633,0.12499415654547019,senal,6,1,1,1,1,1,1
Peter · solo Lynch,Peter,lynch,GILD,2024-05-31,2024-09-30,64.2699966430664,83.83999633789062,0.33150235379415394,senal,6,1,1,1,1,1,1
Peter · solo Lynch,Peter,lynch,LEA,2024-06-28,2024-09-30,114.20999908447266,109.1500015258789,-0.038786064298412914,senal,6,1,1,1,1,1,1
Peter · solo Lynch,Peter,lynch,HII,2024-06-28,2024-09-30,246.3300018310547,264.3800048828125,0.07715322278408743,senal,6,1,1,1,1,1,1
Peter · solo Lynch,Peter,lynch,SLB,2024-08-30,2024-09-30,43.9900016784668,41.95000076293945,-0.04109213038871273,senal,6,1,1,1,1,1,1
Peter · solo Lynch,Peter,lynch,INCY,2024-04-30,2024-10-31,52.04999923706055,74.12000274658203,0.4225917840381854,senal,6,1,1,1,1,1,1
Peter · solo Lynch,Peter,lynch,IBM,2024-05-31,2024-10-31,166.85000610351562,206.72000122070312,0.24854370491982625,senal,6,1,1,1,1,1,1
Peter · solo Lynch,Peter,lynch,MDLZ,2024-05-31,2024-10-31,68.52999877929688,68.4800033569336,0.011087255940852803,senal,6,1,1,1,1,1,1
Peter · solo Lynch,Peter,lynch,CNC,2024-05-31,2024-10-31,71.58999633789062,62.2599983215332,-0.1311949005465769,senal,6,1,1,1,1,1,1
Peter · solo Lynch,Peter,lynch,JNJ,2024-06-28,2024-10-31,146.16000366210938,159.86000061035156,0.10093284138596803,senal,6,1,1,1,1,1,1
Peter · solo Lynch,Peter,lynch,HAL,2024-08-30,2024-10-31,31.09000015258789,27.739999771118164,-0.1035382074535175,senal,6,1,1,1,1,1,1
Peter · solo Lynch,Peter,lynch,LEA,2024-09-30,2024-10-31,109.1500015258789,95.76000213623047,-0.12355242529502763,senal,6,1,1,1,1,1,1
Peter · solo Lynch,Peter,lynch,SLB,2024-09-30,2024-10-31,41.95000076293945,40.06999969482422,-0.04577009544824828,senal,6,1,1,1,1,1,1
Peter · solo Lynch,Peter,lynch,MOH,2024-06-28,2024-11-29,297.29998779296875,297.8999938964844,0.0010164164043897639,senal,6,1,1,1,1,1,1
Peter · solo Lynch,Peter,lynch,MTCH,2024-07-31,2024-11-29,38.13999938964844,32.7400016784668,-0.14244184261772264,senal,6,1,1,1,1,1,1
Peter · solo Lynch,Peter,lynch,TGT,2024-07-31,2024-11-29,150.41000366210938,132.30999755859375,-0.10794009962636353,senal,6,1,1,1,1,1,1
Peter · solo Lynch,Peter,lynch,APTV,2024-07-31,2024-11-29,69.38999938964844,55.529998779296875,-0.2005406665085958,senal,6,1,1,1,1,1,1
Peter · solo Lynch,Peter,lynch,AOS,2024-07-31,2024-11-29,85.04000091552734,74.48999786376953,-0.12099807287629838,senal,6,1,1,1,1,1,1
Peter · solo Lynch,Peter,lynch,SAIC,2024-07-31,2024-11-29,124.4000015258789,124.25,0.00038890474582231604,senal,6,1,1,1,1,1,1
Peter · solo Lynch,Peter,lynch,NOV,2024-08-30,2024-11-29,17.770000457763672,16.020000457763672,-0.09514029199920959,senal,6,1,1,1,1,1,1
Peter · solo Lynch,Peter,lynch,HII,2024-09-30,2024-11-29,264.3800048828125,197.9199981689453,-0.24703034367429422,senal,6,1,1,1,1,1,1
Peter · solo Lynch,Peter,lynch,LEA,2024-10-31,2024-11-29,95.76000213623047,97.83999633789062,0.020699580258138006,senal,6,1,1,1,1,1,1
Peter · solo Lynch,Peter,lynch,MDLZ,2024-10-31,2024-11-29,68.4800033569336,64.94999694824219,-0.05249622826202982,senal,6,1,1,1,1,1,1
Peter · solo Lynch,Peter,lynch,STZ,2024-10-31,2024-11-29,232.33999633789062,240.9499969482422,0.04040416540795655,senal,6,1,1,1,1,1,1
Peter · solo Lynch,Peter,lynch,JNJ,2024-10-31,2024-11-29,159.86000061035156,155.00999450683594,-0.023535996895624578,senal,6,1,1,1,1,1,1
Peter · solo Lynch,Peter,lynch,CNC,2024-10-31,2024-11-29,62.2599983215332,60,-0.037262823387047894,senal,6,1,1,1,1,1,1
Peter · solo Lynch,Peter,lynch,KDP,2024-10-31,2024-11-29,32.95000076293945,32.650001525878906,-0.010095261262744515,senal,6,1,1,1,1,1,1
Peter · solo Lynch,Peter,lynch,EBAY,2024-04-30,2024-12-31,51.540000915527344,61.95000076293945,0.21758371314554936,senal,6,1,1,1,1,1,1
Peter · solo Lynch,Peter,lynch,PRU,2024-04-30,2024-12-31,110.4800033569336,118.52999877929688,0.10693515185989888,senal,6,1,1,1,1,1,1
Peter · solo Lynch,Peter,lynch,CB,2024-04-30,2024-12-31,248.63999938964844,276.29998779296875,0.12121496102634954,senal,6,1,1,1,1,1,1
Peter · solo Lynch,Peter,lynch,PEG,2024-04-30,2024-12-31,69.08000183105469,84.48999786376953,0.24962532321111386,senal,6,1,1,1,1,1,1
Peter · solo Lynch,Peter,lynch,CAT,2024-07-31,2024-12-31,346.20001220703125,362.760009765625,0.050546911687459506,senal,6,1,1,1,1,1,1
Peter · solo Lynch,Peter,lynch,ABNB,2024-08-30,2024-12-31,117.30999755859375,131.41000366210938,0.11907449699994621,senal,6,1,1,1,1,1,1
Peter · solo Lynch,Peter,lynch,EMR,2024-08-30,2024-12-31,105.38999938964844,123.93000030517578,0.1795705183752243,senal,6,1,1,1,1,1,1
Peter · solo Lynch,Peter,lynch,PDD,2024-08-30,2024-12-31,96.11000061035156,96.98999786376953,0.008147242722724046,senal,6,1,1,1,1,1,1
Peter · solo Lynch,Peter,lynch,SLB,2024-10-31,2024-12-31,40.06999969482422,38.34000015258789,-0.03807096115957709,senal,6,1,1,1,1,1,1
Peter · solo Lynch,Peter,lynch,HAL,2024-10-31,2024-12-31,27.739999771118164,27.190000534057617,-0.01553074231536844,senal,6,1,1,1,1,1,1
Peter · solo Lynch,Peter,lynch,MTCH,2024-11-29,2024-12-31,32.7400016784668,32.709999084472656,-0.0019151038445623936,senal,6,1,1,1,1,1,1
Peter · solo Lynch,Peter,lynch,TGT,2024-11-29,2024-12-31,132.30999755859375,135.17999267578125,0.020670091791432865,senal,6,1,1,1,1,1,1
Peter · solo Lynch,Peter,lynch,LEA,2024-11-29,2024-12-31,97.83999633789062,94.69999694824219,-0.025750772821955814,senal,6,1,1,1,1,1,1
Peter · solo Lynch,Peter,lynch,MDLZ,2024-11-29,2024-12-31,64.94999694824219,59.72999954223633,-0.07398142754670156,senal,6,1,1,1,1,1,1
Peter · solo Lynch,Peter,lynch,JNJ,2024-11-29,2024-12-31,155.00999450683594,144.6199951171875,-0.06796057222280338,senal,6,1,1,1,1,1,1
Peter · solo Lynch,Peter,lynch,MOH,2024-11-29,2024-12-31,297.8999938964844,291.04998779296875,-0.023971075780864215,senal,6,1,1,1,1,1,1
Peter · solo Lynch,Peter,lynch,AOS,2024-11-29,2024-12-31,74.48999786376953,68.20999908447266,-0.085221992968194,senal,6,1,1,1,1,1,1
Peter · solo Lynch,Peter,lynch,SAIC,2024-11-29,2024-12-31,124.25,111.77999877929688,-0.1012615919123313,senal,6,1,1,1,1,1,1
Peter · solo Lynch,Peter,lynch,HII,2024-11-29,2024-12-31,197.9199981689453,188.97000122070312,-0.046174896035729884,senal,6,1,1,1,1,1,1
Peter · solo Lynch,Peter,lynch,WMB,2024-11-29,2024-12-31,58.52000045776367,54.119998931884766,-0.06809192622937543,senal,6,1,1,1,1,1,1
Peter · solo Lynch,Peter,lynch,OKE,2024-11-29,2024-12-31,113.5999984741211,100.4000015258789,-0.1170808134961322,senal,6,1,1,1,1,1,1
Peter · solo Lynch,Peter,lynch,NOV,2024-11-29,2024-12-31,16.020000457763672,14.600000381469727,-0.08516325089251298,senal,6,1,1,1,1,1,1
Peter · solo Lynch,Peter,lynch,KDP,2024-11-29,2024-12-31,32.650001525878906,32.119998931884766,-0.017216385070970897,senal,6,1,1,1,1,1,1
Peter · solo Lynch,Peter,lynch,TGT,2024-12-31,2025-01-31,135.17999267578125,137.91000366210938,0.019175439369688574,senal,6,1,1,1,1,1,1
Peter · solo Lynch,Peter,lynch,ABNB,2024-12-31,2025-01-31,131.41000366210938,131.1699981689453,-0.0028243108476562195,senal,6,1,1,1,1,1,1
Peter · solo Lynch,Peter,lynch,LEA,2024-12-31,2025-01-31,94.69999694824219,94.08999633789062,-0.007434631071426501,senal,6,1,1,1,1,1,1
Peter · solo Lynch,Peter,lynch,MDLZ,2024-12-31,2025-01-31,59.72999954223633,57.9900016784668,-0.030101732202938103,senal,6,1,1,1,1,1,1
Peter · solo Lynch,Peter,lynch,STZ,2024-12-31,2025-01-31,221,180.8000030517578,-0.18271841150168733,senal,6,1,1,1,1,1,1
Peter · solo Lynch,Peter,lynch,CB,2024-12-31,2025-01-31,276.29998779296875,271.8800048828125,-0.016981093757581167,senal,6,1,1,1,1,1,1
Peter · solo Lynch,Peter,lynch,CAT,2024-12-31,2025-01-31,362.760009765625,371.44000244140625,0.026654003015690986,senal,6,1,1,1,1,1,1
Peter · solo Lynch,Peter,lynch,LMT,2024-12-31,2025-01-31,485.94000244140625,462.95001220703125,-0.048262888534910786,senal,6,1,1,1,1,1,1
Peter · solo Lynch,Peter,lynch,AOS,2024-12-31,2025-01-31,68.20999908447266,67.30000305175781,-0.009323551003660335,senal,6,1,1,1,1,1,1
Peter · solo Lynch,Peter,lynch,HII,2024-12-31,2025-01-31,188.97000122070312,197.25999450683594,0.04282579530759989,senal,6,1,1,1,1,1,1
Peter · solo Lynch,Peter,lynch,SLB,2024-12-31,2025-01-31,38.34000015258789,40.279998779296875,0.04954966503485658,senal,6,1,1,1,1,1,1
Peter · solo Lynch,Peter,lynch,HAL,2024-12-31,2025-01-31,27.190000534057617,26.020000457763672,-0.04398717868141966,senal,6,1,1,1,1,1,1
Peter · solo Lynch,Peter,lynch,NOV,2024-12-31,2025-01-31,14.600000381469727,14.449999809265137,-0.01126348958950818,senal,6,1,1,1,1,1,1
Peter · solo Lynch,Peter,lynch,PEG,2024-12-31,2025-01-31,84.48999786376953,83.54000091552734,-0.012232474224037282,senal,6,1,1,1,1,1,1
Peter · solo Lynch,Peter,lynch,FSLR,2024-12-31,2025-01-31,176.24000549316406,167.52000427246094,-0.050428274330252654,senal,6,1,1,1,1,1,1
Peter · solo Lynch,Peter,lynch,GDDY,2024-04-30,2025-02-28,122.37999725341797,179.5,0.4652765884907859,senal,6,1,1,1,1,1,1
Peter · solo Lynch,Peter,lynch,APO,2024-04-30,2025-02-28,108.37999725341797,149.27000427246094,0.39515250284352166,senal,6,1,1,1,1,1,1
Peter · solo Lynch,Peter,lynch,MTB,2024-04-30,2025-02-28,144.38999938964844,191.72000122070312,0.3572940098950641,senal,6,1,1,1,1,1,1
Peter · solo Lynch,Peter,lynch,WTFC,2024-05-31,2025-02-28,98.61000061035156,124.47000122070312,0.2761562139533118,senal,6,1,1,1,1,1,1
Peter · solo Lynch,Peter,lynch,ETSY,2024-08-30,2025-02-28,55.09000015258789,51.189998626708984,-0.0717222493385733,senal,6,1,1,1,1,1,1
Peter · solo Lynch,Peter,lynch,FOXA,2024-09-30,2025-02-28,42.33000183105469,57.599998474121094,0.359376620551072,senal,6,1,1,1,1,1,1
Peter · solo Lynch,Peter,lynch,HPE,2024-11-29,2025-02-28,21.219999313354492,19.809999465942383,-0.0615400710124977,senal,6,1,1,1,1,1,1
Peter · solo Lynch,Peter,lynch,CNC,2024-11-29,2025-02-28,60,58.15999984741211,-0.03163576020725556,senal,6,1,1,1,1,1,1
Peter · solo Lynch,Peter,lynch,GE,2024-12-31,2025-02-28,166.7899932861328,206.97999572753906,0.23972119420808657,senal,6,1,1,1,1,1,1
Peter · solo Lynch,Peter,lynch,APD,2024-12-31,2025-02-28,290.0400085449219,316.1499938964844,0.09561829870836758,senal,6,1,1,1,1,1,1
Peter · solo Lynch,Peter,lynch,TGT,2025-01-31,2025-02-28,137.91000366210938,124.23999786376953,-0.0923482018446623,senal,6,1,1,1,1,1,1
Peter · solo Lynch,Peter,lynch,LEA,2025-01-31,2025-02-28,94.08999633789062,93.98999786376953,-0.0020615693027742354,senal,6,1,1,1,1,1,1
Peter · solo Lynch,Peter,lynch,CAT,2025-01-31,2025-02-28,371.44000244140625,343.95001220703125,-0.07493499684421845,senal,6,1,1,1,1,1,1
Peter · solo Lynch,Peter,lynch,LMT,2025-01-31,2025-02-28,462.95001220703125,450.3699951171875,-0.028146198042029336,senal,6,1,1,1,1,1,1
Peter · solo Lynch,Peter,lynch,AOS,2025-01-31,2025-02-28,67.30000305175781,66.4800033569336,-0.013171641661556599,senal,6,1,1,1,1,1,1
Peter · solo Lynch,Peter,lynch,HAL,2025-01-31,2025-02-28,26.020000457763672,26.3700008392334,0.012437942239162059,senal,6,1,1,1,1,1,1
Peter · solo Lynch,Peter,lynch,NOV,2025-01-31,2025-02-28,14.449999809265137,14.920000076293945,0.03149369999090901,senal,6,1,1,1,1,1,1
Peter · solo Lynch,Peter,lynch,PEG,2025-01-31,2025-02-28,83.54000091552734,81.1500015258789,-0.029580116549417612,senal,6,1,1,1,1,1,1
Peter · solo Lynch,Peter,lynch,FSLR,2025-01-31,2025-02-28,167.52000427246094,136.17999267578125,-0.18789491846695072,senal,6,1,1,1,1,1,1
Peter · solo Lynch,Peter,lynch,BKR,2024-04-30,2025-03-31,32.619998931884766,43.95000076293945,0.377480508937027,senal,6,1,1,1,1,1,1
Peter · solo Lynch,Peter,lynch,BMY,2024-07-31,2025-03-31,47.560001373291016,60.9900016784668,0.3097375992010638,senal,6,1,1,1,1,1,1
Peter · solo Lynch,Peter,lynch,WFC,2024-07-31,2025-03-31,59.34000015258789,71.79000091552734,0.23089572804330682,senal,6,1,1,1,1,1,1
Peter · solo Lynch,Peter,lynch,JPM,2024-09-30,2025-03-31,210.86000061035156,245.3000030517578,0.1753287620765096,senal,6,1,1,1,1,1,1
Peter · solo Lynch,Peter,lynch,APTV,2024-11-29,2025-03-31,55.529998779296875,59.5,0.07042168524522063,senal,6,1,1,1,1,1,1
Peter · solo Lynch,Peter,lynch,QCOM,2024-12-31,2025-03-31,153.6199951171875,153.61000061035156,0.00432154951155006,senal,6,1,1,1,1,1,1
Peter · solo Lynch,Peter,lynch,MTCH,2024-12-31,2025-03-31,32.709999084472656,31.200000762939453,-0.041544383682613706,senal,6,1,1,1,1,1,1
Peter · solo Lynch,Peter,lynch,EBAY,2024-12-31,2025-03-31,61.95000076293945,67.7300033569336,0.0971600937864947,senal,6,1,1,1,1,1,1
Peter · solo Lynch,Peter,lynch,JNJ,2024-12-31,2025-03-31,144.6199951171875,165.83999633789062,0.1547528233292934,senal,6,1,1,1,1,1,1
Peter · solo Lynch,Peter,lynch,PRU,2024-12-31,2025-03-31,118.52999877929688,111.68000030517578,-0.047203400143539964,senal,6,1,1,1,1,1,1
Peter · solo Lynch,Peter,lynch,ABNB,2025-01-31,2025-03-31,131.1699981689453,119.45999908447266,-0.09018395504832732,senal,6,1,1,1,1,1,1
Peter · solo Lynch,Peter,lynch,SLB,2025-01-31,2025-03-31,40.279998779296875,41.79999923706055,0.043916139866808646,senal,6,1,1,1,1,1,1
Peter · solo Lynch,Peter,lynch,HPE,2025-02-28,2025-03-31,19.809999465942383,15.430000305175781,-0.2155960721014054,senal,6,1,1,1,1,1,1
Peter · solo Lynch,Peter,lynch,GDDY,2025-02-28,2025-03-31,179.5,180.13999938964844,0.0025621416448950995,senal,6,1,1,1,1,1,1
Peter · solo Lynch,Peter,lynch,TGT,2025-02-28,2025-03-31,124.23999786376953,104.36000061035156,-0.16085265950118,senal,6,1,1,1,1,1,1
Peter · solo Lynch,Peter,lynch,ETSY,2025-02-28,2025-03-31,51.189998626708984,47.18000030517578,-0.07925701573903576,senal,6,1,1,1,1,1,1
Peter · solo Lynch,Peter,lynch,LEA,2025-02-28,2025-03-31,93.98999786376953,88.22000122070312,-0.05459256157221337,senal,6,1,1,1,1,1,1
Peter · solo Lynch,Peter,lynch,APO,2025-02-28,2025-03-31,149.27000427246094,136.94000244140625,-0.0835191351816692,senal,6,1,1,1,1,1,1
Peter · solo Lynch,Peter,lynch,MTB,2025-02-28,2025-03-31,191.72000122070312,178.75,-0.061977849264002294,senal,6,1,1,1,1,1,1
Peter · solo Lynch,Peter,lynch,WTFC,2025-02-28,2025-03-31,124.47000122070312,112.45999908447266,-0.09739239175882497,senal,6,1,1,1,1,1,1
Peter · solo Lynch,Peter,lynch,CAT,2025-02-28,2025-03-31,343.95001220703125,329.79998779296875,-0.04209845667162959,senal,6,1,1,1,1,1,1
Peter · solo Lynch,Peter,lynch,LMT,2025-02-28,2025-03-31,450.3699951171875,446.7099914550781,-0.001804111426307653,senal,6,1,1,1,1,1,1
Peter · solo Lynch,Peter,lynch,AOS,2025-02-28,2025-03-31,66.4800033569336,65.36000061035156,-0.017830111740801846,senal,6,1,1,1,1,1,1
Peter · solo Lynch,Peter,lynch,BAH,2025-02-28,2025-03-31,106.05999755859375,104.58000183105469,-0.014940183497684889,senal,6,1,1,1,1,1,1
Peter · solo Lynch,Peter,lynch,HAL,2025-02-28,2025-03-31,26.3700008392334,25.3700008392334,-0.03207005400941443,senal,6,1,1,1,1,1,1
Peter · solo Lynch,Peter,lynch,WMB,2025-02-28,2025-03-31,58.18000030517578,59.7599983215332,0.03534474394051457,senal,6,1,1,1,1,1,1
Peter · solo Lynch,Peter,lynch,NOV,2025-02-28,2025-03-31,14.920000076293945,15.220000267028809,0.024580053763965992,senal,6,1,1,1,1,1,1
Peter · solo Lynch,Peter,lynch,PEG,2025-02-28,2025-03-31,81.1500015258789,82.30000305175781,0.021292747737938766,senal,6,1,1,1,1,1,1
Peter · solo Lynch,Peter,lynch,FSLR,2025-02-28,2025-03-31,136.17999267578125,126.43000030517578,-0.07252453586867458,senal,6,1,1,1,1,1,1
Peter · solo Lynch,Peter,lynch,APD,2025-02-28,2025-03-31,316.1499938964844,294.9200134277344,-0.06808412716786572,senal,6,1,1,1,1,1,1
Peter · solo Lynch,Peter,lynch,MO,2024-04-30,2025-04-30,43.810001373291016,59.150001525878906,0.45852740573735873,tope_temporal,6,1,1,1,1,1,1
Peter · solo Lynch,Peter,lynch,FOX,2024-09-30,2025-04-30,38.79999923706055,46.2400016784668,0.1967028263199122,senal,6,1,1,1,1,1,1
Peter · solo Lynch,Peter,lynch,MOH,2024-12-31,2025-04-30,291.04998779296875,327.010009765625,0.12242946301286173,senal,6,1,1,1,1,1,1
Peter · solo Lynch,Peter,lynch,KDP,2024-12-31,2025-04-30,32.119998931884766,34.59000015258789,0.09099442896641619,senal,6,1,1,1,1,1,1
Peter · solo Lynch,Peter,lynch,MDLZ,2025-01-31,2025-04-30,57.9900016784668,68.12999725341797,0.1818858633922571,senal,6,1,1,1,1,1,1
Peter · solo Lynch,Peter,lynch,CB,2025-01-31,2025-04-30,271.8800048828125,286.0799865722656,0.05450266744628385,senal,6,1,1,1,1,1,1
Peter · solo Lynch,Peter,lynch,FOXA,2025-03-31,2025-04-30,56.599998474121094,49.790000915527344,-0.1211973811333944,senal,6,1,1,1,1,1,1
Peter · solo Lynch,Peter,lynch,LOW,2025-03-31,2025-04-30,233.22999572753906,223.55999755859375,-0.03736626302826751,senal,6,1,1,1,1,1,1
Peter · solo Lynch,Peter,lynch,TGT,2025-03-31,2025-04-30,104.36000061035156,96.69999694824219,-0.07432606329600355,senal,6,1,1,1,1,1,1
Peter · solo Lynch,Peter,lynch,EXPE,2025-03-31,2025-04-30,168.10000610351562,156.92999267578125,-0.06738205548355125,senal,6,1,1,1,1,1,1
Peter · solo Lynch,Peter,lynch,MAT,2025-03-31,2025-04-30,19.43000030517578,15.890000343322754,-0.18301008408883257,senal,6,1,1,1,1,1,1
Peter · solo Lynch,Peter,lynch,KMB,2025-03-31,2025-04-30,142.22000122070312,131.77999877929688,-0.07433382869351945,senal,6,1,1,1,1,1,1
Peter · solo Lynch,Peter,lynch,BIIB,2025-03-31,2025-04-30,136.83999633789062,121.08000183105469,-0.11605557339721373,senal,6,1,1,1,1,1,1
Peter · solo Lynch,Peter,lynch,MET,2025-03-31,2025-04-30,80.29000091552734,75.37000274658203,-0.06221631843241393,senal,6,1,1,1,1,1,1
Peter · solo Lynch,Peter,lynch,TROW,2025-03-31,2025-04-30,91.87000274658203,88.55000305175781,-0.037101665796362426,senal,6,1,1,1,1,1,1
Peter · solo Lynch,Peter,lynch,ZION,2025-03-31,2025-04-30,49.86000061035156,44.970001220703125,-0.09897636242318075,senal,6,1,1,1,1,1,1
Peter · solo Lynch,Peter,lynch,BAH,2025-03-31,2025-04-30,104.58000183105469,120.0199966430664,0.14649079396452014,senal,6,1,1,1,1,1,1
Peter · solo Lynch,Peter,lynch,NSC,2025-03-31,2025-04-30,236.85000610351562,224.0500030517578,-0.054988456596561375,senal,6,1,1,1,1,1,1
Peter · solo Lynch,Peter,lynch,BKR,2025-03-31,2025-04-30,43.95000076293945,35.400001525878906,-0.1953443683627082,senal,6,1,1,1,1,1,1
Peter · solo Lynch,Peter,lynch,APD,2025-03-31,2025-04-30,294.9200134277344,271.0899963378906,-0.07611292403040071,senal,6,1,1,1,1,1,1
Peter · solo Lynch,Peter,lynch,HII,2025-01-31,2025-05-30,197.25999450683594,223.05999755859375,0.1453931519070637,senal,6,1,1,1,1,1,1
Peter · solo Lynch,Peter,lynch,CNC,2025-02-28,2025-05-30,58.15999984741211,56.439998626708984,-0.030543794944820957,senal,6,1,1,1,1,1,1
Peter · solo Lynch,Peter,lynch,GOOG,2025-03-31,2025-05-30,156.22999572753906,172.85000610351562,0.10527551955730274,senal,6,1,1,1,1,1,1
Peter · solo Lynch,Peter,lynch,QCOM,2025-03-31,2025-05-30,153.61000061035156,145.1999969482422,-0.05569418426345141,senal,6,1,1,1,1,1,1
Peter · solo Lynch,Peter,lynch,PHM,2025-03-31,2025-05-30,102.80000305175781,98.02999877929688,-0.047354145166378925,senal,6,1,1,1,1,1,1
Peter · solo Lynch,Peter,lynch,ABT,2025-03-31,2025-05-30,132.64999389648438,133.5800018310547,0.010664019499806665,senal,6,1,1,1,1,1,1
Peter · solo Lynch,Peter,lynch,MRK,2025-03-31,2025-05-30,89.76000213623047,76.83999633789062,-0.14479529558840787,senal,6,1,1,1,1,1,1
Peter · solo Lynch,Peter,lynch,GEHC,2025-03-31,2025-05-30,80.70999908447266,70.54000091552734,-0.12642440922697862,senal,6,1,1,1,1,1,1
Peter · solo Lynch,Peter,lynch,AFL,2025-03-31,2025-05-30,111.19000244140625,103.54000091552734,-0.06459550192685604,senal,6,1,1,1,1,1,1
Peter · solo Lynch,Peter,lynch,COIN,2025-03-31,2025-05-30,172.22999572753906,246.6199951171875,0.43049087202453395,senal,6,1,1,1,1,1,1
Peter · solo Lynch,Peter,lynch,META,2025-04-30,2025-05-30,549,647.489990234375,0.1782197912430532,senal,6,1,1,1,1,1,1
Peter · solo Lynch,Peter,lynch,ZBRA,2025-04-30,2025-05-30,250.32000732421875,289.7699890136719,0.1564408876523229,senal,6,1,1,1,1,1,1
Peter · solo Lynch,Peter,lynch,LOW,2025-04-30,2025-05-30,223.55999755859375,225.72999572753906,0.008697171997524178,senal,6,1,1,1,1,1,1
Peter · solo Lynch,Peter,lynch,MET,2025-04-30,2025-05-30,75.37000274658203,78.58000183105469,0.049246487869835986,senal,6,1,1,1,1,1,1
Peter · solo Lynch,Peter,lynch,ZION,2025-04-30,2025-05-30,44.970001220703125,47.36000061035156,0.061303823052481166,senal,6,1,1,1,1,1,1
Peter · solo Lynch,Peter,lynch,SAIC,2025-04-30,2025-05-30,121.02999877929688,115.54000091552734,-0.04631510819868745,senal,6,1,1,1,1,1,1
Peter · solo Lynch,Peter,lynch,BKR,2025-04-30,2025-05-30,35.400001525878906,37.04999923706055,0.05214847918216026,senal,6,1,1,1,1,1,1
Peter · solo Lynch,Peter,lynch,PGR,2025-03-31,2025-06-30,283.010009765625,266.8599853515625,-0.05767268083136079,senal,6,1,1,1,1,1,1
Peter · solo Lynch,Peter,lynch,FSLR,2025-03-31,2025-06-30,126.43000030517578,165.5399932861328,0.3080320673785124,senal,6,1,1,1,1,1,1
Peter · solo Lynch,Peter,lynch,KMB,2025-04-30,2025-06-30,131.77999877929688,128.9199981689453,-0.013493813364082508,senal,6,1,1,1,1,1,1
Peter · solo Lynch,Peter,lynch,NSC,2025-04-30,2025-06-30,224.0500030517578,255.97000122070312,0.1483164119973852,senal,6,1,1,1,1,1,1
Peter · solo Lynch,Peter,lynch,BKR,2025-05-30,2025-06-30,37.04999923706055,38.34000015258789,0.033783256781747095,senal,6,1,1,1,1,1,1
Peter · solo Lynch,Peter,lynch,HAS,2025-03-31,2025-07-31,61.4900016784668,75.16000366210938,0.23372380278334504,senal,6,1,1,1,1,1,1
Peter · solo Lynch,Peter,lynch,TRV,2025-03-31,2025-07-31,264.4599914550781,260.239990234375,-0.012885923857508641,senal,6,1,1,1,1,1,1
Peter · solo Lynch,Peter,lynch,RCL,2025-05-30,2025-07-31,256.9700012207031,317.8699951171875,0.23923999797436735,senal,6,1,1,1,1,1,1
Peter · solo Lynch,Peter,lynch,ABT,2025-05-30,2025-07-31,133.5800018310547,126.19000244140625,-0.05203077604455242,senal,6,1,1,1,1,1,1
Peter · solo Lynch,Peter,lynch,CNC,2025-05-30,2025-07-31,56.439998626708984,26.06999969482422,-0.5385553358198595,senal,6,1,1,1,1,1,1
Peter · solo Lynch,Peter,lynch,MET,2025-05-30,2025-07-31,78.58000183105469,75.94999694824219,-0.03443558187131779,senal,6,1,1,1,1,1,1
Peter · solo Lynch,Peter,lynch,AFL,2025-05-30,2025-07-31,103.54000091552734,99.36000061035156,-0.04133031305752999,senal,6,1,1,1,1,1,1
Peter · solo Lynch,Peter,lynch,BAH,2025-05-30,2025-07-31,106.25,107.33000183105469,0.014699504526223928,senal,6,1,1,1,1,1,1
Peter · solo Lynch,Peter,lynch,KMB,2025-06-30,2025-07-31,128.9199981689453,124.62000274658203,-0.03432043196567458,senal,6,1,1,1,1,1,1
Peter · solo Lynch,Peter,lynch,BMRN,2025-06-30,2025-07-31,54.970001220703125,57.849998474121094,0.0513400337415415,senal,6,1,1,1,1,1,1
Peter · solo Lynch,Peter,lynch,PGR,2025-06-30,2025-07-31,266.8599853515625,242.0399932861328,-0.0935626662918152,senal,6,1,1,1,1,1,1
Peter · solo Lynch,Peter,lynch,DOV,2025-03-31,2025-08-29,175.67999267578125,178.86000061035156,0.022936128978727766,senal,6,1,1,1,1,1,1
Peter · solo Lynch,Peter,lynch,NEM,2025-03-31,2025-08-29,48.279998779296875,74.4000015258789,0.546677585135267,senal,6,1,1,1,1,1,1
Peter · solo Lynch,Peter,lynch,GEHC,2025-05-30,2025-08-29,70.54000091552734,73.7300033569336,0.044653794092128996,senal,6,1,1,1,1,1,1
Peter · solo Lynch,Peter,lynch,PGR,2025-07-31,2025-08-29,242.0399932861328,247.05999755859375,0.01971989091394377,senal,6,1,1,1,1,1,1
Peter · solo Lynch,Peter,lynch,GOOGL,2025-03-31,2025-09-30,154.63999938964844,243.10000610351562,0.573774239302655,senal,6,1,1,1,1,1,1
Peter · solo Lynch,Peter,lynch,MMM,2025-03-31,2025-09-30,146.86000061035156,155.17999267578125,0.06566745819503139,senal,6,1,1,1,1,1,1
Peter · solo Lynch,Peter,lynch,CARR,2025-03-31,2025-09-30,63.400001525878906,59.70000076293945,-0.053479661443316395,senal,6,1,1,1,1,1,1
Peter · solo Lynch,Peter,lynch,EXPE,2025-04-30,2025-09-30,156.92999267578125,213.75,0.3665400850858185,senal,6,1,1,1,1,1,1
Peter · solo Lynch,Peter,lynch,MAT,2025-04-30,2025-09-30,15.890000343322754,16.829999923706055,0.05809778275728683,senal,6,1,1,1,1,1,1
Peter · solo Lynch,Peter,lynch,APD,2025-04-30,2025-09-30,271.0899963378906,272.7200012207031,0.011425617572474067,senal,6,1,1,1,1,1,1
Peter · solo Lynch,Peter,lynch,KMB,2025-07-31,2025-09-30,124.62000274658203,124.33999633789062,0.0065743952210588485,senal,6,1,1,1,1,1,1
Peter · solo Lynch,Peter,lynch,BAH,2025-07-31,2025-09-30,107.33000183105469,99.94999694824219,-0.06508467021270714,senal,6,1,1,1,1,1,1
Peter · solo Lynch,Peter,lynch,GEHC,2025-08-29,2025-09-30,73.7300033569336,75.0999984741211,0.017562822876006967,senal,6,1,1,1,1,1,1
Peter · solo Lynch,Peter,lynch,DOV,2025-08-29,2025-09-30,178.86000061035156,166.8300018310547,-0.06819181846462019,senal,6,1,1,1,1,1,1
Peter · solo Lynch,Peter,lynch,ALL,2025-03-31,2025-10-31,207.07000732421875,191.52000427246094,-0.06697865251878721,senal,6,1,1,1,1,1,1
Peter · solo Lynch,Peter,lynch,USB,2025-03-31,2025-10-31,42.220001220703125,46.68000030517578,0.12871453418164291,senal,6,1,1,1,1,1,1
Peter · solo Lynch,Peter,lynch,TROW,2025-04-30,2025-10-31,88.55000305175781,102.52999877929688,0.1867312016430327,senal,6,1,1,1,1,1,1
Peter · solo Lynch,Peter,lynch,PHM,2025-05-30,2025-10-31,98.02999877929688,119.87000274658203,0.22619660029845168,senal,6,1,1,1,1,1,1
Peter · solo Lynch,Peter,lynch,ZION,2025-05-30,2025-10-31,47.36000061035156,52.11000061035156,0.10845674628753166,senal,6,1,1,1,1,1,1
Peter · solo Lynch,Peter,lynch,ABT,2025-07-31,2025-10-31,126.19000244140625,123.62000274658203,-0.0169937035192379,senal,6,1,1,1,1,1,1
Peter · solo Lynch,Peter,lynch,TRV,2025-07-31,2025-10-31,260.239990234375,268.6199951171875,0.035332482783806185,senal,6,1,1,1,1,1,1
Peter · solo Lynch,Peter,lynch,HWC,2025-07-31,2025-10-31,59.720001220703125,57.11000061035156,-0.0378448222770561,senal,6,1,1,1,1,1,1
Peter · solo Lynch,Peter,lynch,PGR,2025-08-29,2025-10-31,247.05999755859375,206,-0.16668992466258992,senal,6,1,1,1,1,1,1
Peter · solo Lynch,Peter,lynch,NWSA,2025-09-30,2025-10-31,30.709999084472656,26.5,-0.13795158857961454,senal,6,1,1,1,1,1,1
Peter · solo Lynch,Peter,lynch,CAH,2025-09-30,2025-10-31,156.9600067138672,190.77000427246094,0.21815597571827916,senal,6,1,1,1,1,1,1
Peter · solo Lynch,Peter,lynch,BAH,2025-09-30,2025-10-31,99.94999694824219,87.16000366210938,-0.1288357557341201,senal,6,1,1,1,1,1,1
Peter · solo Lynch,Peter,lynch,APD,2025-09-30,2025-10-31,272.7200012207031,242.58999633789062,-0.1054979570947232,senal,6,1,1,1,1,1,1
Peter · solo Lynch,Peter,lynch,PDD,2024-12-31,2025-11-28,96.98999786376953,116.08000183105469,0.19562793487329566,senal,6,1,1,1,1,1,1
Peter · solo Lynch,Peter,lynch,HPE,2025-03-31,2025-11-28,15.430000305175781,21.8700008392334,0.4338478912440118,senal,6,1,1,1,1,1,1
Peter · solo Lynch,Peter,lynch,UBER,2025-03-31,2025-11-28,72.86000061035156,87.54000091552734,0.20028111538592652,senal,6,1,1,1,1,1,1
Peter · solo Lynch,Peter,lynch,NOC,2025-03-31,2025-11-28,512.010009765625,572.25,0.12629206110869307,senal,6,1,1,1,1,1,1
Peter · solo Lynch,Peter,lynch,MO,2025-04-30,2025-11-28,59.150001525878906,59.0099983215332,0.030313270671382675,senal,6,1,1,1,1,1,1
Peter · solo Lynch,Peter,lynch,MET,2025-07-31,2025-11-28,75.94999694824219,76.55999755859375,0.022055199593426833,senal,6,1,1,1,1,1,1
Peter · solo Lynch,Peter,lynch,WDC,2025-09-30,2025-11-28,120.05999755859375,163.3300018310547,0.35904311808244826,senal,6,1,1,1,1,1,1
Peter · solo Lynch,Peter,lynch,NWS,2025-09-30,2025-11-28,34.54999923706055,29.43000030517578,-0.14904258564226414,senal,6,1,1,1,1,1,1
Peter · solo Lynch,Peter,lynch,BMRN,2025-09-30,2025-11-28,54.15999984741211,55.93000030517578,0.031648531107602684,senal,6,1,1,1,1,1,1
Peter · solo Lynch,Peter,lynch,PAYC,2025-10-31,2025-11-28,187.08999633789062,161.1699981689453,-0.13740910196245515,senal,6,1,1,1,1,1,1
Peter · solo Lynch,Peter,lynch,FIS,2025-10-31,2025-11-28,62.52000045776367,65.7699966430664,0.05093159661226121,senal,6,1,1,1,1,1,1
Peter · solo Lynch,Peter,lynch,NWSA,2025-10-31,2025-11-28,26.5,25.68000030517578,-0.03191220517117732,senal,6,1,1,1,1,1,1
Peter · solo Lynch,Peter,lynch,BAH,2025-10-31,2025-11-28,87.16000366210938,83.45999908447266,-0.03711920229891674,senal,6,1,1,1,1,1,1
Peter · solo Lynch,Peter,lynch,LDOS,2025-03-31,2025-12-31,134.94000244140625,180.39999389648438,0.345113422588907,senal,6,1,1,1,1,1,1
Peter · solo Lynch,Peter,lynch,QCOM,2025-05-30,2025-12-31,145.1999969482422,171.0500030517578,0.19674349538621172,senal,6,1,1,1,1,1,1
Peter · solo Lynch,Peter,lynch,BKR,2025-06-30,2025-12-31,38.34000015258789,45.540000915527344,0.1985445785451947,senal,6,1,1,1,1,1,1
Peter · solo Lynch,Peter,lynch,KMB,2025-09-30,2025-12-31,124.33999633789062,100.88999938964844,-0.17955600852062148,senal,6,1,1,1,1,1,1
Peter · solo Lynch,Peter,lynch,CARR,2025-09-30,2025-12-31,59.70000076293945,52.84000015258789,-0.11239275524494308,senal,6,1,1,1,1,1,1
Peter · solo Lynch,Peter,lynch,ABT,2025-10-31,2025-12-31,123.62000274658203,125.29000091552734,0.012495915043589712,senal,6,1,1,1,1,1,1
Peter · solo Lynch,Peter,lynch,ALL,2025-10-31,2025-12-31,191.52000427246094,208.14999389648438,0.09086696496536217,senal,6,1,1,1,1,1,1
Peter · solo Lynch,Peter,lynch,PGR,2025-10-31,2025-12-31,206,227.72000122070312,0.10433169652589092,senal,6,1,1,1,1,1,1
Peter · solo Lynch,Peter,lynch,APD,2025-10-31,2025-12-31,242.58999633789062,247.02000427246094,0.017243351609815605,senal,6,1,1,1,1,1,1
Peter · solo Lynch,Peter,lynch,PAYC,2025-11-28,2025-12-31,161.1699981689453,159.36000061035156,-0.012218920486387286,senal,6,1,1,1,1,1,1
Peter · solo Lynch,Peter,lynch,ZBRA,2025-11-28,2025-12-31,252.75,242.82000732421875,-0.04024827686687871,senal,6,1,1,1,1,1,1
Peter · solo Lynch,Peter,lynch,UBER,2025-11-28,2025-12-31,87.54000091552734,81.70999908447266,-0.06753131529372414,senal,6,1,1,1,1,1,1
Peter · solo Lynch,Peter,lynch,RCL,2025-11-28,2025-12-31,266.25,278.9200134277344,0.05010988177549636,senal,6,1,1,1,1,1,1
Peter · solo Lynch,Peter,lynch,MO,2025-11-28,2025-12-31,59.0099983215332,57.65999984741211,-0.005989794458931219,senal,6,1,1,1,1,1,1
Peter · solo Lynch,Peter,lynch,BAH,2025-11-28,2025-12-31,83.45999908447266,84.36000061035156,0.00977324112510991,senal,6,1,1,1,1,1,1
Peter · solo Lynch,Peter,lynch,PDD,2025-11-28,2025-12-31,116.08000183105469,113.38999938964844,-0.024150276094723977,senal,6,1,1,1,1,1,1
Peter · solo Lynch,Peter,lynch,EW,2025-03-31,2026-01-30,72.4800033569336,81.36000061035156,0.12139427683906256,senal,6,1,1,1,1,1,1
Peter · solo Lynch,Peter,lynch,JPM,2025-03-31,2026-01-30,245.3000030517578,305.8900146484375,0.2713007649441346,senal,6,1,1,1,1,1,1
Peter · solo Lynch,Peter,lynch,FSLR,2025-06-30,2026-01-30,165.5399932861328,225.52000427246094,0.3609674385981889,senal,6,1,1,1,1,1,1
Peter · solo Lynch,Peter,lynch,MMM,2025-09-30,2026-01-30,155.17999267578125,153.16000366210938,-0.009767159350868693,senal,6,1,1,1,1,1,1
Peter · solo Lynch,Peter,lynch,UHS,2025-10-31,2026-01-30,217.00999450683594,201.25999450683594,-0.07274329390297674,senal,6,1,1,1,1,1,1
Peter · solo Lynch,Peter,lynch,HPE,2025-11-28,2026-01-30,21.8700008392334,21.520000457763672,-0.011075418329912767,senal,6,1,1,1,1,1,1
Peter · solo Lynch,Peter,lynch,PAYC,2025-12-31,2026-01-30,159.36000061035156,134.75,-0.1552756328600443,senal,6,1,1,1,1,1,1
Peter · solo Lynch,Peter,lynch,ZBRA,2025-12-31,2026-01-30,242.82000732421875,234.97999572753906,-0.0332548085159492,senal,6,1,1,1,1,1,1
Peter · solo Lynch,Peter,lynch,LDOS,2025-12-31,2026-01-30,180.39999389648438,188.27999877929688,0.042637275721642665,senal,6,1,1,1,1,1,1
Peter · solo Lynch,Peter,lynch,DIS,2025-12-31,2026-01-30,113.7699966430664,112.80000305175781,-0.009517129270916636,senal,6,1,1,1,1,1,1
Peter · solo Lynch,Peter,lynch,UBER,2025-12-31,2026-01-30,81.70999908447266,80.05000305175781,-0.02129514187690751,senal,6,1,1,1,1,1,1
Peter · solo Lynch,Peter,lynch,ABT,2025-12-31,2026-01-30,125.29000091552734,109.30000305175781,-0.12408147106210121,senal,6,1,1,1,1,1,1
Peter · solo Lynch,Peter,lynch,ALL,2025-12-31,2026-01-30,208.14999389648438,198.99000549316406,-0.04496244866766408,senal,6,1,1,1,1,1,1
Peter · solo Lynch,Peter,lynch,PGR,2025-12-31,2026-01-30,227.72000122070312,208,-0.02955328292841497,senal,6,1,1,1,1,1,1
Peter · solo Lynch,Peter,lynch,PDD,2025-12-31,2026-01-30,113.38999938964844,101.05000305175781,-0.10971885656061986,senal,6,1,1,1,1,1,1
Peter · solo Lynch,Peter,lynch,COIN,2025-12-31,2026-01-30,226.13999938964844,194.74000549316406,-0.13971294464601647,senal,6,1,1,1,1,1,1
Peter · solo Lynch,Peter,lynch,FOX,2025-04-30,2026-02-27,46.2400016784668,51.72999954223633,0.12326452445463709,senal,6,1,1,1,1,1,1
Peter · solo Lynch,Peter,lynch,FOXA,2025-04-30,2026-02-27,49.790000915527344,56.34000015258789,0.13562963995797173,senal,6,1,1,1,1,1,1
Peter · solo Lynch,Peter,lynch,MAT,2025-09-30,2026-02-27,16.829999923706055,16.950000762939453,0.00612329628269892,senal,6,1,1,1,1,1,1
Peter · solo Lynch,Peter,lynch,GEHC,2025-09-30,2026-02-27,75.0999984741211,84.2699966430664,0.12193550514758167,senal,6,1,1,1,1,1,1
Peter · solo Lynch,Peter,lynch,TROW,2025-10-31,2026-02-27,102.52999877929688,94.62999725341797,-0.06667382048134973,senal,6,1,1,1,1,1,1
Peter · solo Lynch,Peter,lynch,NWSA,2025-11-28,2026-02-27,25.68000030517578,24.290000915527344,-0.05507331648702707,senal,6,1,1,1,1,1,1
Peter · solo Lynch,Peter,lynch,NWS,2025-11-28,2026-02-27,29.43000030517578,26.780000686645508,-0.09095390287243432,senal,6,1,1,1,1,1,1
Peter · solo Lynch,Peter,lynch,MET,2025-11-28,2026-02-27,76.55999755859375,72.06999969482422,-0.05284876108488845,senal,6,1,1,1,1,1,1
Peter · solo Lynch,Peter,lynch,NOC,2025-11-28,2026-02-27,572.25,724.3800048828125,0.27377175561717104,senal,6,1,1,1,1,1,1
Peter · solo Lynch,Peter,lynch,JCI,2025-12-31,2026-02-27,119.75,144.3000030517578,0.20380580760216094,senal,6,1,1,1,1,1,1
Peter · solo Lynch,Peter,lynch,BAH,2025-12-31,2026-02-27,84.36000061035156,78.83000183105469,-0.05936519057548306,senal,6,1,1,1,1,1,1
Peter · solo Lynch,Peter,lynch,ZBRA,2026-01-30,2026-02-27,234.97999572753906,223.9600067138672,-0.047850426567465854,senal,6,1,1,1,1,1,1
Peter · solo Lynch,Peter,lynch,LDOS,2026-01-30,2026-02-27,188.27999877929688,175.10000610351562,-0.07093186482406622,senal,6,1,1,1,1,1,1
Peter · solo Lynch,Peter,lynch,DIS,2026-01-30,2026-02-27,112.80000305175781,106.04000091552734,-0.060868975365385936,senal,6,1,1,1,1,1,1
Peter · solo Lynch,Peter,lynch,UBER,2026-01-30,2026-02-27,80.05000305175781,75.41999816894531,-0.058780835060549874,senal,6,1,1,1,1,1,1
Peter · solo Lynch,Peter,lynch,JPM,2026-01-30,2026-02-27,305.8900146484375,300.29998779296875,-0.019256105999433837,senal,6,1,1,1,1,1,1
Peter · solo Lynch,Peter,lynch,MMM,2026-01-30,2026-02-27,153.16000366210938,165.32000732421875,0.08315358944074891,senal,6,1,1,1,1,1,1
Peter · solo Lynch,Peter,lynch,FSLR,2026-01-30,2026-02-27,225.52000427246094,197.1999969482422,-0.12645068056452702,senal,6,1,1,1,1,1,1
Peter · solo Lynch,Peter,lynch,PDD,2026-01-30,2026-02-27,101.05000305175781,103.7300033569336,0.025495261321270002,senal,6,1,1,1,1,1,1
Peter · solo Lynch,Peter,lynch,COIN,2026-01-30,2026-02-27,194.74000549316406,175.85000610351562,-0.09790389696748614,senal,6,1,1,1,1,1,1
Peter · solo Lynch,Peter,lynch,STT,2025-03-31,2026-03-31,89.52999877929688,126.55999755859375,0.45446712077848783,senal,6,1,1,1,1,1,1
Peter · solo Lynch,Peter,lynch,NTRS,2025-03-31,2026-03-31,98.6500015258789,139.57000732421875,0.44899254060997906,senal,6,1,1,1,1,1,1
Peter · solo Lynch,Peter,lynch,TFC,2025-03-31,2026-03-31,41.150001525878906,45.970001220703125,0.16973911468747982,senal,6,1,1,1,1,1,1
Peter · solo Lynch,Peter,lynch,MLM,2025-03-31,2026-03-31,478.1300048828125,588.6799926757812,0.23658219448701212,senal,6,1,1,1,1,1,1
Peter · solo Lynch,Peter,lynch,BIIB,2025-04-30,2026-03-31,121.08000183105469,183.3300018310547,0.5126091418240342,senal,6,1,1,1,1,1,1
Peter · solo Lynch,Peter,lynch,MRK,2025-05-30,2026-03-31,76.83999633789062,120.29000091552734,0.6207065056989778,senal,6,1,1,1,1,1,1
Peter · solo Lynch,Peter,lynch,C,2025-07-31,2026-03-31,93.69999694824219,113.41000366210938,0.23073321817844517,senal,6,1,1,1,1,1,1
Peter · solo Lynch,Peter,lynch,AFL,2025-07-31,2026-03-31,99.36000061035156,109.70999908447266,0.1207901175438324,senal,6,1,1,1,1,1,1
Peter · solo Lynch,Peter,lynch,CNC,2025-09-30,2026-03-31,35.68000030517578,32.7400016784668,-0.08331643548096601,senal,6,1,1,1,1,1,1
Peter · solo Lynch,Peter,lynch,DOV,2025-09-30,2026-03-31,166.8300018310547,208.4499969482422,0.25459433882115334,senal,6,1,1,1,1,1,1
Peter · solo Lynch,Peter,lynch,PHM,2025-10-31,2026-03-31,119.87000274658203,117.61000061035156,-0.015721362955847806,senal,6,1,1,1,1,1,1
Peter · solo Lynch,Peter,lynch,ZION,2025-10-31,2026-03-31,52.11000061035156,57.619998931884766,0.12221901397488333,senal,6,1,1,1,1,1,1
Peter · solo Lynch,Peter,lynch,USB,2025-10-31,2026-03-31,46.68000030517578,52.0099983215332,0.13543211432761582,senal,6,1,1,1,1,1,1
Peter · solo Lynch,Peter,lynch,HWC,2025-11-28,2026-03-31,60.59000015258789,63.59000015258789,0.063978300803053,senal,6,1,1,1,1,1,1
Peter · solo Lynch,Peter,lynch,KMB,2025-12-31,2026-03-31,100.88999938964844,96.47000122070312,-0.03296731329430691,senal,6,1,1,1,1,1,1
Peter · solo Lynch,Peter,lynch,MO,2025-12-31,2026-03-31,57.65999984741211,65.98999786376953,0.16248116306870242,senal,6,1,1,1,1,1,1
Peter · solo Lynch,Peter,lynch,CARR,2025-12-31,2026-03-31,52.84000015258789,56.310001373291016,0.06917114595819207,senal,6,1,1,1,1,1,1
Peter · solo Lynch,Peter,lynch,PAYC,2026-01-30,2026-03-31,134.75,121.54000091552734,-0.09648002030631031,senal,6,1,1,1,1,1,1
Peter · solo Lynch,Peter,lynch,NTAP,2026-01-30,2026-03-31,96.3499984741211,102.38999938964844,0.061625740350128355,senal,6,1,1,1,1,1,1
Peter · solo Lynch,Peter,lynch,ABT,2026-01-30,2026-03-31,109.30000305175781,102.66999816894531,-0.06159786279181623,senal,6,1,1,1,1,1,1
Peter · solo Lynch,Peter,lynch,EW,2026-01-30,2026-03-31,81.36000061035156,80.08000183105469,-0.01671655298579755,senal,6,1,1,1,1,1,1
Peter · solo Lynch,Peter,lynch,ALL,2026-01-30,2026-03-31,198.99000549316406,207.33999633789062,0.04618725222030373,senal,6,1,1,1,1,1,1
Peter · solo Lynch,Peter,lynch,PGR,2026-01-30,2026-03-31,208,198.24000549316406,-0.04787585971296893,senal,6,1,1,1,1,1,1
Peter · solo Lynch,Peter,lynch,ZBRA,2026-02-27,2026-03-31,223.9600067138672,209.0800018310547,-0.06737378175703002,senal,6,1,1,1,1,1,1
Peter · solo Lynch,Peter,lynch,LDOS,2026-02-27,2026-03-31,175.10000610351562,155.52000427246094,-0.11050987175315241,senal,6,1,1,1,1,1,1
Peter · solo Lynch,Peter,lynch,DIS,2026-02-27,2026-03-31,106.04000091552734,96.37999725341797,-0.09200634399056473,senal,6,1,1,1,1,1,1
Peter · solo Lynch,Peter,lynch,UBER,2026-02-27,2026-03-31,75.41999816894531,71.93000030517578,-0.04722765802242168,senal,6,1,1,1,1,1,1
Peter · solo Lynch,Peter,lynch,MAT,2026-02-27,2026-03-31,16.950000762939453,14.529999732971191,-0.14362992847317746,senal,6,1,1,1,1,1,1
Peter · solo Lynch,Peter,lynch,JPM,2026-02-27,2026-03-31,300.29998779296875,294.1600036621094,-0.021425490070766773,senal,6,1,1,1,1,1,1
Peter · solo Lynch,Peter,lynch,MET,2026-02-27,2026-03-31,72.06999969482422,70.72000122070312,-0.019712877521344985,senal,6,1,1,1,1,1,1
Peter · solo Lynch,Peter,lynch,TROW,2026-02-27,2026-03-31,94.62999725341797,90.13999938964844,-0.03422816417463459,senal,6,1,1,1,1,1,1
Peter · solo Lynch,Peter,lynch,MMM,2026-02-27,2026-03-31,165.32000732421875,145.22999572753906,-0.1224002294617137,senal,6,1,1,1,1,1,1
Peter · solo Lynch,Peter,lynch,BAH,2026-02-27,2026-03-31,78.83000183105469,78.02999877929688,-0.011137957407472365,senal,6,1,1,1,1,1,1
Peter · solo Lynch,Peter,lynch,FSLR,2026-02-27,2026-03-31,197.1999969482422,197.25999450683594,-0.0006958069119568089,senal,6,1,1,1,1,1,1
Peter · solo Lynch,Peter,lynch,DD,2026-02-27,2026-03-31,150.1199951171875,137.39999389648438,-0.08197811817368816,senal,6,1,1,1,1,1,1
Peter · solo Lynch,Peter,lynch,PDD,2026-02-27,2026-03-31,103.7300033569336,102.18000030517578,-0.015927479548784373,senal,6,1,1,1,1,1,1
Peter · solo Lynch,Peter,lynch,COIN,2026-02-27,2026-03-31,175.85000610351562,174.61000061035156,-0.008044195576777713,senal,6,1,1,1,1,1,1
Peter · solo Lynch,Peter,lynch,BKR,2025-12-31,2026-04-30,45.540000915527344,69.66999816894531,0.5340998377061916,senal,6,1,1,1,1,1,1
Peter · solo Lynch,Peter,lynch,IBM,2026-03-31,2026-04-30,242.38999938964844,230.97999572753906,-0.04802555998683,senal,6,1,1,1,1,1,1
Peter · solo Lynch,Peter,lynch,LDOS,2026-03-31,2026-04-30,155.52000427246094,149.22000122070312,-0.04146855919485992,senal,6,1,1,1,1,1,1
Peter · solo Lynch,Peter,lynch,DIS,2026-03-31,2026-04-30,96.37999725341797,103.75,0.07539194742556221,senal,6,1,1,1,1,1,1
Peter · solo Lynch,Peter,lynch,RCL,2026-03-31,2026-04-30,275.17999267578125,263.760009765625,-0.04245833621387707,senal,6,1,1,1,1,1,1
Peter · solo Lynch,Peter,lynch,JNJ,2026-03-31,2026-04-30,244.44000244140625,229.85000610351562,-0.060627530603134305,senal,6,1,1,1,1,1,1
Peter · solo Lynch,Peter,lynch,AMGN,2026-03-31,2026-04-30,351.8500061035156,346.25,-0.016899770196588837,senal,6,1,1,1,1,1,1
Peter · solo Lynch,Peter,lynch,GILD,2026-03-31,2026-04-30,139.3699951171875,130.83999633789062,-0.06214253975968553,senal,6,1,1,1,1,1,1
Peter · solo Lynch,Peter,lynch,EHC,2026-03-31,2026-04-30,96.7300033569336,100,0.03480443232439767,senal,6,1,1,1,1,1,1
Peter · solo Lynch,Peter,lynch,SCHW,2026-03-31,2026-04-30,93.9800033569336,91.63999938964844,-0.02587382907256286,senal,6,1,1,1,1,1,1
Peter · solo Lynch,Peter,lynch,AIG,2026-03-31,2026-04-30,75.25,74.80000305175781,-0.006973733272600091,senal,6,1,1,1,1,1,1
Peter · solo Lynch,Peter,lynch,PRU,2026-03-31,2026-04-30,97.69000244140625,98.11000061035156,0.0032953295200124355,senal,6,1,1,1,1,1,1
Peter · solo Lynch,Peter,lynch,PGR,2026-03-31,2026-04-30,198.24000549316406,201.27999877929688,0.01484471171781876,senal,6,1,1,1,1,1,1
Peter · solo Lynch,Peter,lynch,PNC,2026-03-31,2026-04-30,208.08999633789062,223,0.0788043844974684,senal,6,1,1,1,1,1,1
Peter · solo Lynch,Peter,lynch,USB,2026-03-31,2026-04-30,52.0099983215332,56.65999984741211,0.0883167620434977,senal,6,1,1,1,1,1,1
Peter · solo Lynch,Peter,lynch,BAH,2026-03-31,2026-04-30,78.02999877929688,77.7699966430664,-0.004328621741173433,senal,6,1,1,1,1,1,1
Peter · solo Lynch,Peter,lynch,SUI,2026-03-31,2026-04-30,125.95999908447266,127.83999633789062,0.013910713342651482,senal,6,1,1,1,1,1,1
Peter · solo Lynch,Peter,lynch,NEM,2026-03-31,2026-04-30,108.25,111.08999633789062,0.02520956452284162,senal,6,1,1,1,1,1,1
Peter · solo Lynch,Peter,lynch,PPG,2026-03-31,2026-04-30,106.87999725341797,108.5,0.014142263933446753,senal,6,1,1,1,1,1,1
Peter · solo Lynch,Peter,lynch,PM,2026-03-31,2026-05-29,165.33999633789062,177.3800048828125,0.07174714094432999,senal,6,1,1,1,1,1,1
Peter · solo Lynch,Peter,lynch,ILMN,2026-03-31,2026-05-29,123.26000213623047,162.9600067138672,0.3207616795854591,senal,6,1,1,1,1,1,1
Peter · solo Lynch,Peter,lynch,AON,2026-03-31,2026-05-29,322.7799987792969,316.05999755859375,-0.01921746920009937,senal,6,1,1,1,1,1,1
Peter · solo Lynch,Peter,lynch,NTR,2026-03-31,2026-05-29,75.45999908447266,68.55000305175781,-0.09247986216652337,senal,6,1,1,1,1,1,1
Peter · solo Lynch,Peter,lynch,IBM,2026-04-30,2026-05-29,230.97999572753906,297.79998779296875,0.297479686860987,senal,6,1,1,1,1,1,1
Peter · solo Lynch,Peter,lynch,LDOS,2026-04-30,2026-05-29,149.22000122070312,127.80000305175781,-0.14440264687207105,senal,6,1,1,1,1,1,1
Peter · solo Lynch,Peter,lynch,JNJ,2026-04-30,2026-05-29,229.85000610351562,225.3300018310547,-0.015012810771993679,senal,6,1,1,1,1,1,1
Peter · solo Lynch,Peter,lynch,AMGN,2026-04-30,2026-05-29,346.25,336.7900085449219,-0.02095591739097824,senal,6,1,1,1,1,1,1
Peter · solo Lynch,Peter,lynch,EHC,2026-04-30,2026-05-29,100,105.8499984741211,0.05744177401742889,senal,6,1,1,1,1,1,1
Peter · solo Lynch,Peter,lynch,SCHW,2026-04-30,2026-05-29,91.63999938964844,87.3499984741211,-0.04434972443463214,senal,6,1,1,1,1,1,1
Peter · solo Lynch,Peter,lynch,AIG,2026-04-30,2026-05-29,74.80000305175781,74.2300033569336,-0.0086124687856024,senal,6,1,1,1,1,1,1
Peter · solo Lynch,Peter,lynch,PGR,2026-04-30,2026-05-29,201.27999877929688,190.39999389648438,-0.0549998249458995,senal,6,1,1,1,1,1,1
Peter · solo Lynch,Peter,lynch,NEM,2026-04-30,2026-05-29,111.08999633789062,109.80999755859375,-0.010204637210580958,senal,6,1,1,1,1,1,1
Peter · solo Lynch,Peter,lynch,FOX,2026-02-27,2026-06-30,51.72999954223633,46.84000015258789,-0.09057316349331102,senal,6,1,1,1,1,1,1
Peter · solo Lynch,Peter,lynch,FOXA,2026-02-27,2026-06-30,56.34000015258789,52.15999984741211,-0.07058107747816944,senal,6,1,1,1,1,1,1
Peter · solo Lynch,Peter,lynch,NWS,2026-02-27,2026-06-30,26.780000686645508,28.059999465942383,0.05060902835266812,senal,6,1,1,1,1,1,1
Peter · solo Lynch,Peter,lynch,ADBE,2026-03-31,2026-06-30,243.0800018310547,205.02000427246094,-0.15741717138236655,senal,6,1,1,1,1,1,1
Peter · solo Lynch,Peter,lynch,APA,2026-03-31,2026-06-30,42.439998626708984,32.56999969482422,-0.2281991424971972,senal,6,1,1,1,1,1,1
Peter · solo Lynch,Peter,lynch,CF,2026-03-31,2026-06-30,129.83999633789062,108.26000213623047,-0.16363736142884455,senal,6,1,1,1,1,1,1
Peter · solo Lynch,Peter,lynch,DIS,2026-04-30,2026-06-30,103.75,96.25,-0.06611521541441812,senal,6,1,1,1,1,1,1
Peter · solo Lynch,Peter,lynch,GILD,2026-04-30,2026-06-30,130.83999633789062,126.33999633789062,-0.02901880230765219,senal,6,1,1,1,1,1,1
Peter · solo Lynch,Peter,lynch,BAH,2026-04-30,2026-06-30,77.7699966430664,60.66999816894531,-0.21479037708612903,senal,6,1,1,1,1,1,1
Peter · solo Lynch,Peter,lynch,SUI,2026-04-30,2026-06-30,127.83999633789062,119.91000366210938,-0.054230715469243185,senal,6,1,1,1,1,1,1
Peter · solo Lynch,Peter,lynch,LDOS,2026-05-29,2026-06-30,127.80000305175781,102.97000122070312,-0.19225021639830808,senal,6,1,1,1,1,1,1
Peter · solo Lynch,Peter,lynch,AMGN,2026-05-29,2026-06-30,336.7900085449219,362.1199951171875,0.07413513108373593,senal,6,1,1,1,1,1,1
Peter · solo Lynch,Peter,lynch,NEM,2026-05-29,2026-06-30,109.80999755859375,93.4000015258789,-0.1502902563624433,senal,6,1,1,1,1,1,1
Peter · solo Lynch,Peter,lynch,NTR,2026-05-29,2026-06-30,68.55000305175781,62.95000076293945,-0.0742882604046684,senal,6,1,1,1,1,1,1
Peter · solo Lynch,Peter,lynch,CFG,2026-03-31,2026-07-31,59.970001220703125,71.6500015258789,0.20996152179006833,senal,6,1,1,1,1,1,1
Peter · solo Lynch,Peter,lynch,SCHW,2026-05-29,2026-07-31,87.3499984741211,105.23999786376953,0.2036038076426856,senal,6,1,1,1,1,1,1
Peter · solo Lynch,Peter,lynch,BSX,2026-06-30,2026-07-31,42.68000030517578,46.72999954223633,0.09379758414698824,senal,6,1,1,1,1,1,1
Peter · solo Lynch,Peter,lynch,EHC,2026-06-30,2026-07-31,101.08000183105469,111.06999969482422,0.09980134932991169,senal,6,1,1,1,1,1,1
Peter · solo Lynch,Peter,lynch,NEM,2026-06-30,2026-07-31,93.4000015258789,93.70999908447266,0.002315963420505218,senal,6,1,1,1,1,1,1
Peter · solo Lynch,Peter,lynch,CI,2026-03-31,2026-08-26,266.75,280.8699951171875,0.05797709301171183,senal,6,1,1,1,1,1,1
Peter · solo Lynch,Peter,lynch,WTFC,2026-03-31,2026-08-26,138.94000244140625,153.10000610351562,0.1087347528166267,senal,6,1,1,1,1,1,1
Peter · solo Lynch,Peter,lynch,FSLR,2026-03-31,2026-08-26,197.25999450683594,205.92999267578125,0.04290844517119985,senal,6,1,1,1,1,1,1
Peter · solo Lynch,Peter,lynch,WAL,2026-04-30,2026-08-26,81.54000091552734,79.5999984741211,-0.014262706530370872,senal,6,1,1,1,1,1,1
Peter · solo Lynch,Peter,lynch,PPG,2026-04-30,2026-08-26,108.5,114.41999816894531,0.06697158056597075,senal,6,1,1,1,1,1,1
Peter · solo Lynch,Peter,lynch,AIG,2026-05-29,2026-08-26,74.2300033569336,76.97000122070312,0.04275937830790877,senal,6,1,1,1,1,1,1
Peter · solo Lynch,Peter,lynch,IBM,2026-07-31,2026-08-26,223.64999389648438,229.8699951171875,0.03414939587906951,senal,6,1,1,1,1,1,1
Peter · solo Lynch,Peter,lynch,TRV,2025-10-31,2026-08-26,268.6199951171875,371.1499938964844,0.3966311687969488,fin_muestra,6,1,1,1,1,1,1
Peter · solo Lynch,Peter,lynch,NWSA,2026-02-27,2026-08-26,24.290000915527344,30.959999084472656,0.2786452647689317,fin_muestra,6,1,1,1,1,1,1
Peter · solo Lynch,Peter,lynch,BMY,2026-03-31,2026-08-26,60.650001525878906,67.56999969482422,0.13715253426682494,fin_muestra,6,1,1,1,1,1,1
Peter · solo Lynch,Peter,lynch,INCY,2026-03-31,2026-08-26,94.12000274658203,128.1199951171875,0.35987997680670647,fin_muestra,6,1,1,1,1,1,1
Peter · solo Lynch,Peter,lynch,ALL,2026-03-31,2026-08-26,207.33999633789062,261.80999755859375,0.2680915394773231,fin_muestra,6,1,1,1,1,1,1
Peter · solo Lynch,Peter,lynch,PSX,2026-03-31,2026-08-26,182.17999267578125,242.22999572753906,0.3450343659197075,fin_muestra,6,1,1,1,1,1,1
Peter · solo Lynch,Peter,lynch,RCL,2026-04-30,2026-08-26,263.760009765625,290,0.10408022878925238,fin_muestra,6,1,1,1,1,1,1
Peter · solo Lynch,Peter,lynch,PRU,2026-04-30,2026-08-26,98.11000061035156,120.23999786376953,0.25535168126687724,fin_muestra,6,1,1,1,1,1,1
Peter · solo Lynch,Peter,lynch,PNC,2026-04-30,2026-08-26,223,244.6699981689453,0.10481655518076383,fin_muestra,6,1,1,1,1,1,1
Peter · solo Lynch,Peter,lynch,USB,2026-04-30,2026-08-26,56.65999984741211,62.79999923706055,0.11673380094893138,fin_muestra,6,1,1,1,1,1,1
Peter · solo Lynch,Peter,lynch,DLTR,2026-05-29,2026-08-26,116.44000244140625,132.17999267578125,0.13404193541262943,fin_muestra,6,1,1,1,1,1,1
Peter · solo Lynch,Peter,lynch,BBY,2026-05-29,2026-08-26,77.94999694824219,87.44000244140625,0.13553601620667277,fin_muestra,6,1,1,1,1,1,1
Peter · solo Lynch,Peter,lynch,JNJ,2026-05-29,2026-08-26,225.3300018310547,270,0.2029484063924043,fin_muestra,6,1,1,1,1,1,1
Peter · solo Lynch,Peter,lynch,PGR,2026-05-29,2026-08-26,190.39999389648438,222.50999450683594,0.16799508604349267,fin_muestra,6,1,1,1,1,1,1
Peter · solo Lynch,Peter,lynch,AON,2026-05-29,2026-08-26,316.05999755859375,353.9800109863281,0.12140796883841731,fin_muestra,6,1,1,1,1,1,1
Peter · solo Lynch,Peter,lynch,ADBE,2026-06-30,2026-08-26,205.02000427246094,273.4700012207031,0.3325363081346866,fin_muestra,6,1,1,1,1,1,1
Peter · solo Lynch,Peter,lynch,LDOS,2026-06-30,2026-08-26,102.97000122070312,137.42999267578125,0.33332616697104234,fin_muestra,6,1,1,1,1,1,1
Peter · solo Lynch,Peter,lynch,DIS,2026-06-30,2026-08-26,96.25,109.62999725341797,0.13787423027183254,fin_muestra,6,1,1,1,1,1,1
Peter · solo Lynch,Peter,lynch,FOX,2026-06-30,2026-08-26,46.84000015258789,62.22999954223633,0.327237081504562,fin_muestra,6,1,1,1,1,1,1
Peter · solo Lynch,Peter,lynch,FOXA,2026-06-30,2026-08-26,52.15999984741211,69.5999984741211,0.3330217806566256,fin_muestra,6,1,1,1,1,1,1
Peter · solo Lynch,Peter,lynch,NWS,2026-06-30,2026-08-26,28.059999465942383,35.2400016784668,0.2546247739426468,fin_muestra,6,1,1,1,1,1,1
Peter · solo Lynch,Peter,lynch,MCK,2026-06-30,2026-08-26,755.5999755859375,896.6500244140625,0.18548653718197072,fin_muestra,6,1,1,1,1,1,1
Peter · solo Lynch,Peter,lynch,GILD,2026-06-30,2026-08-26,126.33999633789062,148.08999633789062,0.1709826472401328,fin_muestra,6,1,1,1,1,1,1
Peter · solo Lynch,Peter,lynch,SUI,2026-06-30,2026-08-26,119.91000366210938,125.23999786376953,0.043405765614537684,fin_muestra,6,1,1,1,1,1,1
Peter · solo Lynch,Peter,lynch,CF,2026-06-30,2026-08-26,108.26000213623047,125.69999694824219,0.16590924358197645,fin_muestra,6,1,1,1,1,1,1
Peter · solo Lynch,Peter,lynch,KDP,2026-06-30,2026-08-26,32.72999954223633,32.20500183105469,-0.017023974016351584,fin_muestra,6,1,1,1,1,1,1
Peter · solo Lynch,Peter,lynch,APA,2026-07-31,2026-08-26,37.31999969482422,41.189998626708984,0.10259429962666156,fin_muestra,6,1,1,1,1,1,1
Peter · solo Lynch,Peter,lynch,NEM,2026-07-31,2026-08-26,93.70999908447266,131.60000610351562,0.40292861254757417,fin_muestra,6,1,1,1,1,1,1
Peter · solo Lynch,Peter,lynch,NTR,2026-07-31,2026-08-26,69.06999969482422,73.61000061035156,0.06466496796223153,fin_muestra,6,1,1,1,1,1,1
Peter · solo Lynch,Peter,lynch,IBM,2026-08-26,2026-08-26,229.8699951171875,229.8699951171875,-0.000999749999999855,fin_muestra,6,1,1,1,1,1,1
Peter · solo Lynch,Peter,lynch,CI,2026-08-26,2026-08-26,280.8699951171875,280.8699951171875,-0.000999749999999855,fin_muestra,6,1,1,1,1,1,1
Peter · solo Lynch,Peter,lynch,AIG,2026-08-26,2026-08-26,76.97000122070312,76.97000122070312,-0.000999749999999855,fin_muestra,6,1,1,1,1,1,1
Peter · solo Lynch,Peter,lynch,WAL,2026-08-26,2026-08-26,79.5999984741211,79.5999984741211,-0.000999749999999855,fin_muestra,6,1,1,1,1,1,1
Peter · solo Lynch,Peter,lynch,WTFC,2026-08-26,2026-08-26,153.10000610351562,153.10000610351562,-0.000999749999999855,fin_muestra,6,1,1,1,1,1,1
Peter · solo Lynch,Peter,lynch,FSLR,2026-08-26,2026-08-26,205.92999267578125,205.92999267578125,-0.000999749999999855,fin_muestra,6,1,1,1,1,1,1
Peter · solo Lynch,Peter,lynch,PPG,2026-08-26,2026-08-26,114.41999816894531,114.41999816894531,-0.000999749999999855,fin_muestra,6,1,1,1,1,1,1
